{"v":"5.9.6","fr":30,"ip":0,"op":180,"w":500,"h":500,"nm":"FRPQBBP 4","ddd":0,"assets":[{"id":"comp_0","nm":"guy 2","fr":30,"layers":[{"ddd":0,"ind":1,"ty":4,"nm":"Layer 3","sr":1,"ks":{"o":{"a":0,"k":100,"ix":11},"r":{"a":0,"k":0,"ix":10},"p":{"a":0,"k":[369.935,218.936,0],"ix":2,"l":2},"a":{"a":0,"k":[105.435,-27.564,0],"ix":1,"l":2},"s":{"a":1,"k":[{"i":{"x":[0.667,0.667,0.667],"y":[1,1,1]},"o":{"x":[0.333,0.333,0.333],"y":[0,0,0]},"t":16,"s":[0,0,100]},{"i":{"x":[0.667,0.667,0.667],"y":[1,1,1]},"o":{"x":[0.333,0.333,0.333],"y":[0,0,0]},"t":26,"s":[110,110,100]},{"i":{"x":[0.667,0.667,0.667],"y":[1,1,1]},"o":{"x":[0.297,0.297,0.297],"y":[0,0,0]},"t":31,"s":[100,100,100]},{"i":{"x":[0.667,0.667,0.667],"y":[1,1,1]},"o":{"x":[0.333,0.333,0.333],"y":[0,0,0]},"t":61,"s":[100,100,100]},{"i":{"x":[0.667,0.667,0.667],"y":[1,1,1]},"o":{"x":[0.333,0.333,0.333],"y":[0,0,0]},"t":66,"s":[110,110,100]},{"i":{"x":[0.833,0.833,0.833],"y":[1,1,1]},"o":{"x":[0.182,0.182,0.182],"y":[0,0,0]},"t":76,"s":[0,0,100]},{"i":{"x":[0.667,0.667,0.667],"y":[1,1,1]},"o":{"x":[0.333,0.333,0.333],"y":[0,0,0]},"t":106,"s":[0,0,100]},{"i":{"x":[0.667,0.667,0.667],"y":[1,1,1]},"o":{"x":[0.333,0.333,0.333],"y":[0,0,0]},"t":116,"s":[110,110,100]},{"i":{"x":[0.667,0.667,0.667],"y":[1,1,1]},"o":{"x":[0.297,0.297,0.297],"y":[0,0,0]},"t":121,"s":[100,100,100]},{"i":{"x":[0.667,0.667,0.667],"y":[1,1,1]},"o":{"x":[0.333,0.333,0.333],"y":[0,0,0]},"t":151,"s":[100,100,100]},{"i":{"x":[0.667,0.667,0.667],"y":[1,1,1]},"o":{"x":[0.333,0.333,0.333],"y":[0,0,0]},"t":156,"s":[110,110,100]},{"t":166,"s":[0,0,100]}],"ix":6,"l":2}},"ao":0,"shapes":[{"ty":"gr","it":[{"ind":0,"ty":"sh","ix":1,"ks":{"a":0,"k":{"i":[[0,-3.262],[3.262,0],[0,3.262],[-3.262,0]],"o":[[0,3.262],[-3.262,0],[0,-3.262],[3.262,0]],"v":[[128.464,-66.858],[122.557,-60.951],[116.65,-66.858],[122.557,-72.766]],"c":true},"ix":2},"nm":"Path 1","mn":"ADBE Vector Shape - Group","hd":false},{"ty":"fl","c":{"a":0,"k":[1,0.996078431606,1,1],"ix":4},"o":{"a":0,"k":100,"ix":5},"r":1,"bm":0,"nm":"Fill 1","mn":"ADBE Vector Graphic - Fill","hd":false},{"ty":"tr","p":{"a":0,"k":[0,0],"ix":2},"a":{"a":0,"k":[0,0],"ix":1},"s":{"a":0,"k":[100,100],"ix":3},"r":{"a":0,"k":0,"ix":6},"o":{"a":0,"k":100,"ix":7},"sk":{"a":0,"k":0,"ix":4},"sa":{"a":0,"k":0,"ix":5},"nm":"Transform"}],"nm":"Group 1","np":2,"cix":2,"bm":0,"ix":1,"mn":"ADBE Vector Group","hd":false},{"ty":"gr","it":[{"ind":0,"ty":"sh","ix":1,"ks":{"a":0,"k":{"i":[[0,-3.262],[3.262,0],[0,3.262],[-3.262,0]],"o":[[0,3.262],[-3.262,0],[0,-3.262],[3.262,0]],"v":[[175.72,-66.858],[169.813,-60.951],[163.906,-66.858],[169.813,-72.766]],"c":true},"ix":2},"nm":"Path 1","mn":"ADBE Vector Shape - Group","hd":false},{"ty":"fl","c":{"a":0,"k":[1,0.996078431606,1,1],"ix":4},"o":{"a":0,"k":100,"ix":5},"r":1,"bm":0,"nm":"Fill 1","mn":"ADBE Vector Graphic - Fill","hd":false},{"ty":"tr","p":{"a":0,"k":[0,0],"ix":2},"a":{"a":0,"k":[0,0],"ix":1},"s":{"a":0,"k":[100,100],"ix":3},"r":{"a":0,"k":0,"ix":6},"o":{"a":0,"k":100,"ix":7},"sk":{"a":0,"k":0,"ix":4},"sa":{"a":0,"k":0,"ix":5},"nm":"Transform"}],"nm":"Group 2","np":2,"cix":2,"bm":0,"ix":2,"mn":"ADBE Vector Group","hd":false},{"ty":"gr","it":[{"ind":0,"ty":"sh","ix":1,"ks":{"a":0,"k":{"i":[[-3.062,1.126],[-1.126,-3.062],[3.062,-1.126],[1.126,3.062]],"o":[[3.062,-1.126],[1.126,3.062],[-3.062,1.126],[-1.126,-3.062]],"v":[[144.146,-72.403],[151.729,-68.897],[148.224,-61.314],[140.641,-64.82]],"c":true},"ix":2},"nm":"Path 1","mn":"ADBE Vector Shape - Group","hd":false},{"ty":"fl","c":{"a":0,"k":[1,0.996078431606,1,1],"ix":4},"o":{"a":0,"k":100,"ix":5},"r":1,"bm":0,"nm":"Fill 1","mn":"ADBE Vector Graphic - Fill","hd":false},{"ty":"tr","p":{"a":0,"k":[0,0],"ix":2},"a":{"a":0,"k":[0,0],"ix":1},"s":{"a":0,"k":[100,100],"ix":3},"r":{"a":0,"k":0,"ix":6},"o":{"a":0,"k":100,"ix":7},"sk":{"a":0,"k":0,"ix":4},"sa":{"a":0,"k":0,"ix":5},"nm":"Transform"}],"nm":"Group 3","np":2,"cix":2,"bm":0,"ix":3,"mn":"ADBE Vector Group","hd":false},{"ty":"gr","it":[{"ind":0,"ty":"sh","ix":1,"ks":{"a":0,"k":{"i":[[0,-6.525],[0,0],[6.525,0],[0,0],[0,0],[0,1.404],[0,0],[-6.525,0],[0,0]],"o":[[0,0],[0,6.525],[0,0],[0,0],[-0.993,0.993],[0,0],[0,-6.525],[0,0],[6.525,0]],"v":[[187.535,-84.58],[187.535,-49.137],[175.72,-37.323],[116.65,-37.323],[107.526,-28.199],[104.835,-29.313],[104.835,-84.58],[116.65,-96.394],[175.72,-96.394]],"c":true},"ix":2},"nm":"Path 1","mn":"ADBE Vector Shape - Group","hd":false},{"ty":"fl","c":{"a":0,"k":[0.972549021244,0.811764717102,0.427450984716,1],"ix":4},"o":{"a":0,"k":100,"ix":5},"r":1,"bm":0,"nm":"Fill 1","mn":"ADBE Vector Graphic - Fill","hd":false},{"ty":"tr","p":{"a":0,"k":[0,0],"ix":2},"a":{"a":0,"k":[0,0],"ix":1},"s":{"a":0,"k":[100,100],"ix":3},"r":{"a":0,"k":0,"ix":6},"o":{"a":0,"k":100,"ix":7},"sk":{"a":0,"k":0,"ix":4},"sa":{"a":0,"k":0,"ix":5},"nm":"Transform"}],"nm":"Group 4","np":2,"cix":2,"bm":0,"ix":4,"mn":"ADBE Vector Group","hd":false}],"ip":0,"op":180,"st":0,"ct":1,"bm":0},{"ddd":0,"ind":2,"ty":4,"nm":"head 2","parent":6,"sr":1,"ks":{"o":{"a":0,"k":100,"ix":11},"r":{"a":1,"k":[{"i":{"x":[0.667],"y":[1]},"o":{"x":[0.333],"y":[0]},"t":0,"s":[-4]},{"i":{"x":[0.667],"y":[1]},"o":{"x":[0.157],"y":[0]},"t":18,"s":[5]},{"i":{"x":[0.667],"y":[1]},"o":{"x":[0.333],"y":[0]},"t":66,"s":[5]},{"i":{"x":[0.667],"y":[1]},"o":{"x":[0.324],"y":[0]},"t":84,"s":[-4]},{"i":{"x":[0.667],"y":[1]},"o":{"x":[0.333],"y":[0]},"t":90,"s":[-4]},{"i":{"x":[0.667],"y":[1]},"o":{"x":[0.157],"y":[0]},"t":108,"s":[5]},{"i":{"x":[0.667],"y":[1]},"o":{"x":[0.333],"y":[0]},"t":156,"s":[5]},{"t":174,"s":[-4]}],"ix":10},"p":{"a":1,"k":[{"i":{"x":0.667,"y":1},"o":{"x":0.333,"y":0},"t":0,"s":[-4.98,-103.251,0],"to":[0,0,0],"ti":[0,0,0]},{"i":{"x":0.667,"y":1},"o":{"x":0.333,"y":0},"t":8.091,"s":[-4.972,-102.251,0],"to":[0,0,0],"ti":[0,0,0]},{"i":{"x":0.667,"y":0.667},"o":{"x":0.172,"y":0.172},"t":18,"s":[-4.98,-103.251,0],"to":[0,0,0],"ti":[0,0,0]},{"i":{"x":0.667,"y":1},"o":{"x":0.333,"y":0},"t":66,"s":[-4.98,-103.251,0],"to":[0,0,0],"ti":[0,0,0]},{"i":{"x":0.667,"y":1},"o":{"x":0.333,"y":0},"t":75.909,"s":[-4.972,-102.251,0],"to":[0,0,0],"ti":[0,0,0]},{"i":{"x":0.667,"y":0.667},"o":{"x":0.311,"y":0.311},"t":84,"s":[-4.98,-103.251,0],"to":[0,0,0],"ti":[0,0,0]},{"i":{"x":0.667,"y":1},"o":{"x":0.333,"y":0},"t":90,"s":[-4.98,-103.251,0],"to":[0,0,0],"ti":[0,0,0]},{"i":{"x":0.667,"y":1},"o":{"x":0.333,"y":0},"t":98.091,"s":[-4.972,-102.251,0],"to":[0,0,0],"ti":[0,0,0]},{"i":{"x":0.667,"y":0.667},"o":{"x":0.172,"y":0.172},"t":108,"s":[-4.98,-103.251,0],"to":[0,0,0],"ti":[0,0,0]},{"i":{"x":0.667,"y":1},"o":{"x":0.333,"y":0},"t":156,"s":[-4.98,-103.251,0],"to":[0,0,0],"ti":[0,0,0]},{"i":{"x":0.667,"y":1},"o":{"x":0.333,"y":0},"t":165.909,"s":[-4.972,-102.251,0],"to":[0,0,0],"ti":[0,0,0]},{"t":174,"s":[-4.98,-103.251,0]}],"ix":2,"l":2},"a":{"a":0,"k":[-4.98,-103.251,0],"ix":1,"l":2},"s":{"a":0,"k":[100,100,100],"ix":6,"l":2}},"ao":0,"shapes":[{"ty":"gr","it":[{"ind":0,"ty":"sh","ix":1,"ks":{"a":0,"k":{"i":[[0,23.61],[23.61,0],[0,-23.61],[-23.61,0]],"o":[[0,-23.61],[-23.61,0],[0,23.61],[23.61,0]],"v":[[36.769,-144.251],[-5.98,-187],[-48.73,-144.251],[-5.98,-101.501]],"c":true},"ix":2},"nm":"Path 1","mn":"ADBE Vector Shape - Group","hd":false},{"ty":"fl","c":{"a":0,"k":[0.533333361149,0.721568644047,0.976470589638,1],"ix":4},"o":{"a":0,"k":100,"ix":5},"r":1,"bm":0,"nm":"Fill 1","mn":"ADBE Vector Graphic - Fill","hd":false},{"ty":"tr","p":{"a":0,"k":[0,0],"ix":2},"a":{"a":0,"k":[0,0],"ix":1},"s":{"a":0,"k":[100,100],"ix":3},"r":{"a":0,"k":0,"ix":6},"o":{"a":0,"k":100,"ix":7},"sk":{"a":0,"k":0,"ix":4},"sa":{"a":0,"k":0,"ix":5},"nm":"Transform"}],"nm":"Group 1","np":2,"cix":2,"bm":0,"ix":1,"mn":"ADBE Vector Group","hd":false}],"ip":0,"op":180,"st":0,"ct":1,"bm":0},{"ddd":0,"ind":3,"ty":4,"nm":"l hand 2","parent":6,"sr":1,"ks":{"o":{"a":0,"k":100,"ix":11},"r":{"a":1,"k":[{"i":{"x":[0.833],"y":[1]},"o":{"x":[0.333],"y":[0]},"t":0,"s":[35]},{"i":{"x":[0.833],"y":[1]},"o":{"x":[0.167],"y":[0]},"t":18,"s":[-44]},{"i":{"x":[0.833],"y":[1]},"o":{"x":[0.167],"y":[0]},"t":26,"s":[-44]},{"i":{"x":[0.833],"y":[1]},"o":{"x":[0.167],"y":[0]},"t":34,"s":[-44]},{"i":{"x":[0.833],"y":[1]},"o":{"x":[0.167],"y":[0]},"t":42,"s":[-44]},{"i":{"x":[0.833],"y":[1]},"o":{"x":[0.167],"y":[0]},"t":50,"s":[-44]},{"i":{"x":[0.833],"y":[1]},"o":{"x":[0.167],"y":[0]},"t":58,"s":[-44]},{"i":{"x":[0.667],"y":[1]},"o":{"x":[0.167],"y":[0]},"t":66,"s":[-44]},{"i":{"x":[0.667],"y":[1]},"o":{"x":[0.324],"y":[0]},"t":84,"s":[35]},{"i":{"x":[0.833],"y":[1]},"o":{"x":[0.333],"y":[0]},"t":90,"s":[35]},{"i":{"x":[0.833],"y":[1]},"o":{"x":[0.167],"y":[0]},"t":108,"s":[-44]},{"i":{"x":[0.833],"y":[1]},"o":{"x":[0.167],"y":[0]},"t":116,"s":[-44]},{"i":{"x":[0.833],"y":[1]},"o":{"x":[0.167],"y":[0]},"t":124,"s":[-44]},{"i":{"x":[0.833],"y":[1]},"o":{"x":[0.167],"y":[0]},"t":132,"s":[-44]},{"i":{"x":[0.833],"y":[1]},"o":{"x":[0.167],"y":[0]},"t":140,"s":[-44]},{"i":{"x":[0.833],"y":[1]},"o":{"x":[0.167],"y":[0]},"t":148,"s":[-44]},{"i":{"x":[0.667],"y":[1]},"o":{"x":[0.167],"y":[0]},"t":156,"s":[-44]},{"t":174,"s":[35]}],"ix":10},"p":{"a":0,"k":[34.983,-88.574,0],"ix":2,"l":2},"a":{"a":0,"k":[34.731,-90.979,0],"ix":1,"l":2},"s":{"a":0,"k":[100,100,100],"ix":6,"l":2}},"ao":0,"shapes":[{"ty":"gr","it":[{"ind":0,"ty":"sh","ix":1,"ks":{"a":1,"k":[{"i":{"x":0.821,"y":0.801},"o":{"x":0.333,"y":0},"t":0,"s":[{"i":[[0.96,-6.659],[6.171,0.243],[0,0],[1.129,0.407],[0,0],[0,0],[-1.832,-0.55],[-0.55,-0.183],[0,0],[0,0]],"o":[[-0.862,6.239],[0,0],[-1.283,-0.053],[0,0],[0,0],[1.771,0],[0.611,0.183],[0.061,0.061],[0,0],[6.659,0.96]],"v":[[160.92,-43.33],[148.334,-32.801],[87.233,-35.173],[83.56,-35.929],[30.857,-52.102],[34.531,-90.945],[39.966,-90.09],[41.737,-89.48],[93.452,-65.091],[150.499,-57.133]],"c":true}]},{"i":{"x":0.833,"y":0.801},"o":{"x":0.167,"y":0.185},"t":8,"s":[{"i":[[-0.755,-6.685],[6.032,-1.326],[0,0],[1.195,0.108],[0,0],[0,0],[-1.832,-0.55],[-0.55,-0.183],[0,0],[0,0]],"o":[[0.744,6.254],[0,0],[-1.255,0.273],[0,0],[0,0],[1.771,0],[0.611,0.183],[0.061,0.061],[0,0],[6.685,-0.755]],"v":[[151.301,-61.066],[141.788,-47.695],[82.075,-34.532],[78.33,-34.334],[30.857,-52.102],[29.678,-90.83],[35.113,-89.975],[36.884,-89.364],[80.522,-65.05],[137.727,-71.783]],"c":true}]},{"i":{"x":0.833,"y":1},"o":{"x":0.167,"y":0.199},"t":13,"s":[{"i":[[-3.624,-4.223],[3.51,-3.711],[0,0],[2.737,0.51],[0,0],[0,0],[-1.832,-0.55],[-0.55,-0.183],[0,0],[0,0]],"o":[[3.416,3.933],[0,0],[-0.731,0.77],[0,0],[0,0],[1.771,0],[0.611,0.183],[0.061,0.061],[0,0],[4.223,-3.624]],"v":[[126.928,-106.305],[126.634,-92.735],[85.139,-43.892],[80.311,-41.803],[18.48,-57.155],[29.678,-90.83],[35.113,-89.975],[36.884,-89.364],[72.848,-73.255],[112.659,-107.329]],"c":true}]},{"i":{"x":0.833,"y":1},"o":{"x":0.167,"y":0},"t":18,"s":[{"i":[[-6.493,-1.761],[0.989,-6.096],[0,0],[4.279,0.913],[0,0],[0,0],[-1.832,-0.55],[-0.55,-0.183],[0,0],[0,0]],"o":[[6.088,1.612],[0,0],[-0.208,1.267],[0,0],[0,0],[1.771,0],[0.611,0.183],[0.061,0.061],[0,0],[1.761,-6.493]],"v":[[78.308,-143.785],[87.234,-130.014],[86.838,-55.471],[80.925,-51.492],[6.103,-62.208],[29.678,-90.83],[35.113,-89.975],[36.884,-89.364],[63.742,-82.947],[63.344,-135.114]],"c":true}]},{"i":{"x":0.833,"y":1},"o":{"x":0.167,"y":0},"t":26,"s":[{"i":[[-6.493,-1.761],[0.989,-6.096],[0,0],[8.084,1.64],[0,0],[0,0],[-1.832,-0.55],[-0.55,-0.183],[0,0],[0,0]],"o":[[6.088,1.612],[0,0],[-0.208,1.267],[0,0],[0,0],[1.771,0],[0.611,0.183],[0.061,0.061],[0,0],[1.761,-6.493]],"v":[[67.398,-137.382],[76.323,-123.611],[88.675,-60.149],[77.252,-50.049],[6.103,-62.208],[29.678,-90.83],[35.113,-89.975],[36.884,-89.364],[58.604,-81.636],[52.433,-128.711]],"c":true}]},{"i":{"x":0.833,"y":1},"o":{"x":0.167,"y":0},"t":34,"s":[{"i":[[-6.493,-1.761],[0.989,-6.096],[0,0],[4.279,0.913],[0,0],[0,0],[-1.832,-0.55],[-0.55,-0.183],[0,0],[0,0]],"o":[[6.088,1.612],[0,0],[-0.208,1.267],[0,0],[0,0],[1.771,0],[0.611,0.183],[0.061,0.061],[0,0],[1.761,-6.493]],"v":[[78.308,-143.785],[87.234,-130.014],[86.838,-55.471],[80.925,-51.492],[6.103,-62.208],[29.678,-90.83],[35.113,-89.975],[36.884,-89.364],[63.742,-82.947],[63.344,-135.114]],"c":true}]},{"i":{"x":0.833,"y":1},"o":{"x":0.167,"y":0},"t":42,"s":[{"i":[[-6.493,-1.761],[0.989,-6.096],[0,0],[8.084,1.64],[0,0],[0,0],[-1.832,-0.55],[-0.55,-0.183],[0,0],[0,0]],"o":[[6.088,1.612],[0,0],[-0.208,1.267],[0,0],[0,0],[1.771,0],[0.611,0.183],[0.061,0.061],[0,0],[1.761,-6.493]],"v":[[67.398,-137.382],[76.323,-123.611],[88.675,-60.149],[77.252,-50.049],[6.103,-62.208],[29.678,-90.83],[35.113,-89.975],[36.884,-89.364],[58.604,-81.636],[52.433,-128.711]],"c":true}]},{"i":{"x":0.833,"y":1},"o":{"x":0.167,"y":0},"t":50,"s":[{"i":[[-6.493,-1.761],[0.989,-6.096],[0,0],[4.279,0.913],[0,0],[0,0],[-1.832,-0.55],[-0.55,-0.183],[0,0],[0,0]],"o":[[6.088,1.612],[0,0],[-0.208,1.267],[0,0],[0,0],[1.771,0],[0.611,0.183],[0.061,0.061],[0,0],[1.761,-6.493]],"v":[[78.308,-143.785],[87.234,-130.014],[86.838,-55.471],[80.925,-51.492],[6.103,-62.208],[29.678,-90.83],[35.113,-89.975],[36.884,-89.364],[63.742,-82.947],[63.344,-135.114]],"c":true}]},{"i":{"x":0.833,"y":1},"o":{"x":0.167,"y":0},"t":58,"s":[{"i":[[-6.493,-1.761],[0.989,-6.096],[0,0],[8.084,1.64],[0,0],[0,0],[-1.832,-0.55],[-0.55,-0.183],[0,0],[0,0]],"o":[[6.088,1.612],[0,0],[-0.208,1.267],[0,0],[0,0],[1.771,0],[0.611,0.183],[0.061,0.061],[0,0],[1.761,-6.493]],"v":[[67.398,-137.382],[76.323,-123.611],[88.675,-60.149],[77.252,-50.049],[6.103,-62.208],[29.678,-90.83],[35.113,-89.975],[36.884,-89.364],[58.604,-81.636],[52.433,-128.711]],"c":true}]},{"i":{"x":0.833,"y":0.801},"o":{"x":0.167,"y":0},"t":66,"s":[{"i":[[-6.493,-1.761],[0.989,-6.096],[0,0],[4.279,0.913],[0,0],[0,0],[-1.832,-0.55],[-0.55,-0.183],[0,0],[0,0]],"o":[[6.088,1.612],[0,0],[-0.208,1.267],[0,0],[0,0],[1.771,0],[0.611,0.183],[0.061,0.061],[0,0],[1.761,-6.493]],"v":[[78.308,-143.785],[87.234,-130.014],[86.838,-55.471],[80.925,-51.492],[6.103,-62.208],[29.678,-90.83],[35.113,-89.975],[36.884,-89.364],[63.742,-82.947],[63.344,-135.114]],"c":true}]},{"i":{"x":0.833,"y":0.815},"o":{"x":0.167,"y":0.199},"t":71,"s":[{"i":[[-3.624,-4.223],[3.51,-3.711],[0,0],[2.737,0.51],[0,0],[0,0],[-1.832,-0.55],[-0.55,-0.183],[0,0],[0,0]],"o":[[3.416,3.933],[0,0],[-0.731,0.77],[0,0],[0,0],[1.771,0],[0.611,0.183],[0.061,0.061],[0,0],[4.223,-3.624]],"v":[[126.928,-106.305],[126.634,-92.735],[85.139,-43.892],[80.311,-41.803],[18.48,-57.155],[29.678,-90.83],[35.113,-89.975],[36.884,-89.364],[72.848,-73.255],[112.659,-107.329]],"c":true}]},{"i":{"x":0.667,"y":1},"o":{"x":0.179,"y":0.199},"t":76,"s":[{"i":[[-0.755,-6.685],[6.032,-1.326],[0,0],[1.195,0.108],[0,0],[0,0],[-1.832,-0.55],[-0.55,-0.183],[0,0],[0,0]],"o":[[0.744,6.254],[0,0],[-1.255,0.273],[0,0],[0,0],[1.771,0],[0.611,0.183],[0.061,0.061],[0,0],[6.685,-0.755]],"v":[[151.301,-61.066],[141.788,-47.695],[82.075,-34.532],[78.33,-34.334],[30.857,-52.102],[29.678,-90.83],[35.113,-89.975],[36.884,-89.364],[80.522,-65.05],[137.727,-71.783]],"c":true}]},{"i":{"x":0.667,"y":1},"o":{"x":0.333,"y":0},"t":84,"s":[{"i":[[0.96,-6.659],[6.171,0.243],[0,0],[1.129,0.407],[0,0],[0,0],[-1.832,-0.55],[-0.55,-0.183],[0,0],[0,0]],"o":[[-0.862,6.239],[0,0],[-1.283,-0.053],[0,0],[0,0],[1.771,0],[0.611,0.183],[0.061,0.061],[0,0],[6.659,0.96]],"v":[[160.92,-43.33],[148.334,-32.801],[87.233,-35.173],[83.56,-35.929],[30.857,-52.102],[34.531,-90.945],[39.966,-90.09],[41.737,-89.48],[93.452,-65.091],[150.499,-57.133]],"c":true}]},{"i":{"x":0.821,"y":0.801},"o":{"x":0.333,"y":0},"t":90,"s":[{"i":[[0.96,-6.659],[6.171,0.243],[0,0],[1.129,0.407],[0,0],[0,0],[-1.832,-0.55],[-0.55,-0.183],[0,0],[0,0]],"o":[[-0.862,6.239],[0,0],[-1.283,-0.053],[0,0],[0,0],[1.771,0],[0.611,0.183],[0.061,0.061],[0,0],[6.659,0.96]],"v":[[160.92,-43.33],[148.334,-32.801],[87.233,-35.173],[83.56,-35.929],[30.857,-52.102],[34.531,-90.945],[39.966,-90.09],[41.737,-89.48],[93.452,-65.091],[150.499,-57.133]],"c":true}]},{"i":{"x":0.833,"y":0.801},"o":{"x":0.167,"y":0.185},"t":98,"s":[{"i":[[-0.755,-6.685],[6.032,-1.326],[0,0],[1.195,0.108],[0,0],[0,0],[-1.832,-0.55],[-0.55,-0.183],[0,0],[0,0]],"o":[[0.744,6.254],[0,0],[-1.255,0.273],[0,0],[0,0],[1.771,0],[0.611,0.183],[0.061,0.061],[0,0],[6.685,-0.755]],"v":[[151.301,-61.066],[141.788,-47.695],[82.075,-34.532],[78.33,-34.334],[30.857,-52.102],[29.678,-90.83],[35.113,-89.975],[36.884,-89.364],[80.522,-65.05],[137.727,-71.783]],"c":true}]},{"i":{"x":0.833,"y":1},"o":{"x":0.167,"y":0.199},"t":103,"s":[{"i":[[-3.624,-4.223],[3.51,-3.711],[0,0],[2.737,0.51],[0,0],[0,0],[-1.832,-0.55],[-0.55,-0.183],[0,0],[0,0]],"o":[[3.416,3.933],[0,0],[-0.731,0.77],[0,0],[0,0],[1.771,0],[0.611,0.183],[0.061,0.061],[0,0],[4.223,-3.624]],"v":[[126.928,-106.305],[126.634,-92.735],[85.139,-43.892],[80.311,-41.803],[18.48,-57.155],[29.678,-90.83],[35.113,-89.975],[36.884,-89.364],[72.848,-73.255],[112.659,-107.329]],"c":true}]},{"i":{"x":0.833,"y":1},"o":{"x":0.167,"y":0},"t":108,"s":[{"i":[[-6.493,-1.761],[0.989,-6.096],[0,0],[4.279,0.913],[0,0],[0,0],[-1.832,-0.55],[-0.55,-0.183],[0,0],[0,0]],"o":[[6.088,1.612],[0,0],[-0.208,1.267],[0,0],[0,0],[1.771,0],[0.611,0.183],[0.061,0.061],[0,0],[1.761,-6.493]],"v":[[78.308,-143.785],[87.234,-130.014],[86.838,-55.471],[80.925,-51.492],[6.103,-62.208],[29.678,-90.83],[35.113,-89.975],[36.884,-89.364],[63.742,-82.947],[63.344,-135.114]],"c":true}]},{"i":{"x":0.833,"y":1},"o":{"x":0.167,"y":0},"t":116,"s":[{"i":[[-6.493,-1.761],[0.989,-6.096],[0,0],[8.084,1.64],[0,0],[0,0],[-1.832,-0.55],[-0.55,-0.183],[0,0],[0,0]],"o":[[6.088,1.612],[0,0],[-0.208,1.267],[0,0],[0,0],[1.771,0],[0.611,0.183],[0.061,0.061],[0,0],[1.761,-6.493]],"v":[[67.398,-137.382],[76.323,-123.611],[88.675,-60.149],[77.252,-50.049],[6.103,-62.208],[29.678,-90.83],[35.113,-89.975],[36.884,-89.364],[58.604,-81.636],[52.433,-128.711]],"c":true}]},{"i":{"x":0.833,"y":1},"o":{"x":0.167,"y":0},"t":124,"s":[{"i":[[-6.493,-1.761],[0.989,-6.096],[0,0],[4.279,0.913],[0,0],[0,0],[-1.832,-0.55],[-0.55,-0.183],[0,0],[0,0]],"o":[[6.088,1.612],[0,0],[-0.208,1.267],[0,0],[0,0],[1.771,0],[0.611,0.183],[0.061,0.061],[0,0],[1.761,-6.493]],"v":[[78.308,-143.785],[87.234,-130.014],[86.838,-55.471],[80.925,-51.492],[6.103,-62.208],[29.678,-90.83],[35.113,-89.975],[36.884,-89.364],[63.742,-82.947],[63.344,-135.114]],"c":true}]},{"i":{"x":0.833,"y":1},"o":{"x":0.167,"y":0},"t":132,"s":[{"i":[[-6.493,-1.761],[0.989,-6.096],[0,0],[8.084,1.64],[0,0],[0,0],[-1.832,-0.55],[-0.55,-0.183],[0,0],[0,0]],"o":[[6.088,1.612],[0,0],[-0.208,1.267],[0,0],[0,0],[1.771,0],[0.611,0.183],[0.061,0.061],[0,0],[1.761,-6.493]],"v":[[67.398,-137.382],[76.323,-123.611],[88.675,-60.149],[77.252,-50.049],[6.103,-62.208],[29.678,-90.83],[35.113,-89.975],[36.884,-89.364],[58.604,-81.636],[52.433,-128.711]],"c":true}]},{"i":{"x":0.833,"y":1},"o":{"x":0.167,"y":0},"t":140,"s":[{"i":[[-6.493,-1.761],[0.989,-6.096],[0,0],[4.279,0.913],[0,0],[0,0],[-1.832,-0.55],[-0.55,-0.183],[0,0],[0,0]],"o":[[6.088,1.612],[0,0],[-0.208,1.267],[0,0],[0,0],[1.771,0],[0.611,0.183],[0.061,0.061],[0,0],[1.761,-6.493]],"v":[[78.308,-143.785],[87.234,-130.014],[86.838,-55.471],[80.925,-51.492],[6.103,-62.208],[29.678,-90.83],[35.113,-89.975],[36.884,-89.364],[63.742,-82.947],[63.344,-135.114]],"c":true}]},{"i":{"x":0.833,"y":1},"o":{"x":0.167,"y":0},"t":148,"s":[{"i":[[-6.493,-1.761],[0.989,-6.096],[0,0],[8.084,1.64],[0,0],[0,0],[-1.832,-0.55],[-0.55,-0.183],[0,0],[0,0]],"o":[[6.088,1.612],[0,0],[-0.208,1.267],[0,0],[0,0],[1.771,0],[0.611,0.183],[0.061,0.061],[0,0],[1.761,-6.493]],"v":[[67.398,-137.382],[76.323,-123.611],[88.675,-60.149],[77.252,-50.049],[6.103,-62.208],[29.678,-90.83],[35.113,-89.975],[36.884,-89.364],[58.604,-81.636],[52.433,-128.711]],"c":true}]},{"i":{"x":0.833,"y":0.801},"o":{"x":0.167,"y":0},"t":156,"s":[{"i":[[-6.493,-1.761],[0.989,-6.096],[0,0],[4.279,0.913],[0,0],[0,0],[-1.832,-0.55],[-0.55,-0.183],[0,0],[0,0]],"o":[[6.088,1.612],[0,0],[-0.208,1.267],[0,0],[0,0],[1.771,0],[0.611,0.183],[0.061,0.061],[0,0],[1.761,-6.493]],"v":[[78.308,-143.785],[87.234,-130.014],[86.838,-55.471],[80.925,-51.492],[6.103,-62.208],[29.678,-90.83],[35.113,-89.975],[36.884,-89.364],[63.742,-82.947],[63.344,-135.114]],"c":true}]},{"i":{"x":0.833,"y":0.815},"o":{"x":0.167,"y":0.199},"t":161,"s":[{"i":[[-3.624,-4.223],[3.51,-3.711],[0,0],[2.737,0.51],[0,0],[0,0],[-1.832,-0.55],[-0.55,-0.183],[0,0],[0,0]],"o":[[3.416,3.933],[0,0],[-0.731,0.77],[0,0],[0,0],[1.771,0],[0.611,0.183],[0.061,0.061],[0,0],[4.223,-3.624]],"v":[[126.928,-106.305],[126.634,-92.735],[85.139,-43.892],[80.311,-41.803],[18.48,-57.155],[29.678,-90.83],[35.113,-89.975],[36.884,-89.364],[72.848,-73.255],[112.659,-107.329]],"c":true}]},{"i":{"x":0.667,"y":1},"o":{"x":0.179,"y":0.199},"t":166,"s":[{"i":[[-0.755,-6.685],[6.032,-1.326],[0,0],[1.195,0.108],[0,0],[0,0],[-1.832,-0.55],[-0.55,-0.183],[0,0],[0,0]],"o":[[0.744,6.254],[0,0],[-1.255,0.273],[0,0],[0,0],[1.771,0],[0.611,0.183],[0.061,0.061],[0,0],[6.685,-0.755]],"v":[[151.301,-61.066],[141.788,-47.695],[82.075,-34.532],[78.33,-34.334],[30.857,-52.102],[29.678,-90.83],[35.113,-89.975],[36.884,-89.364],[80.522,-65.05],[137.727,-71.783]],"c":true}]},{"t":174,"s":[{"i":[[0.96,-6.659],[6.171,0.243],[0,0],[1.129,0.407],[0,0],[0,0],[-1.832,-0.55],[-0.55,-0.183],[0,0],[0,0]],"o":[[-0.862,6.239],[0,0],[-1.283,-0.053],[0,0],[0,0],[1.771,0],[0.611,0.183],[0.061,0.061],[0,0],[6.659,0.96]],"v":[[160.92,-43.33],[148.334,-32.801],[87.233,-35.173],[83.56,-35.929],[30.857,-52.102],[34.531,-90.945],[39.966,-90.09],[41.737,-89.48],[93.452,-65.091],[150.499,-57.133]],"c":true}]}],"ix":2},"nm":"Path 1","mn":"ADBE Vector Shape - Group","hd":false},{"ty":"fl","c":{"a":0,"k":[0.533333333333,0.721568627451,0.976470648074,1],"ix":4},"o":{"a":0,"k":100,"ix":5},"r":1,"bm":0,"nm":"Fill 1","mn":"ADBE Vector Graphic - Fill","hd":false},{"ty":"tr","p":{"a":0,"k":[0,0],"ix":2},"a":{"a":0,"k":[0,0],"ix":1},"s":{"a":0,"k":[100,100],"ix":3},"r":{"a":0,"k":0,"ix":6},"o":{"a":0,"k":100,"ix":7},"sk":{"a":0,"k":0,"ix":4},"sa":{"a":0,"k":0,"ix":5},"nm":"Transform"}],"nm":"Group 3","np":2,"cix":2,"bm":0,"ix":1,"mn":"ADBE Vector Group","hd":false}],"ip":0,"op":180,"st":0,"ct":1,"bm":0},{"ddd":0,"ind":4,"ty":4,"nm":"r hand 2","parent":6,"sr":1,"ks":{"o":{"a":0,"k":100,"ix":11},"r":{"a":1,"k":[{"i":{"x":[0.833],"y":[1]},"o":{"x":[0.3],"y":[0]},"t":0,"s":[-18]},{"i":{"x":[0.833],"y":[1]},"o":{"x":[0.157],"y":[0]},"t":18,"s":[-23]},{"i":{"x":[0.7],"y":[1]},"o":{"x":[0.167],"y":[0]},"t":66,"s":[-23]},{"i":{"x":[0.833],"y":[1]},"o":{"x":[0.317],"y":[0]},"t":84,"s":[-18]},{"i":{"x":[0.833],"y":[1]},"o":{"x":[0.3],"y":[0]},"t":90,"s":[-18]},{"i":{"x":[0.833],"y":[1]},"o":{"x":[0.157],"y":[0]},"t":108,"s":[-23]},{"i":{"x":[0.7],"y":[1]},"o":{"x":[0.167],"y":[0]},"t":156,"s":[-23]},{"t":174,"s":[-18]}],"ix":10},"p":{"a":0,"k":[-42.648,-89.039,0],"ix":2,"l":2},"a":{"a":0,"k":[-42.648,-89.039,0],"ix":1,"l":2},"s":{"a":0,"k":[100,100,100],"ix":6,"l":2}},"ao":0,"shapes":[{"ty":"gr","it":[{"ty":"fl","c":{"a":0,"k":[0.533333333333,0.721568627451,0.976470648074,1],"ix":4},"o":{"a":0,"k":100,"ix":5},"r":1,"bm":0,"nm":"Fill 1","mn":"ADBE Vector Graphic - Fill","hd":false},{"ty":"tr","p":{"a":0,"k":[0,0],"ix":2},"a":{"a":0,"k":[0,0],"ix":1},"s":{"a":0,"k":[100,100],"ix":3},"r":{"a":0,"k":0,"ix":6},"o":{"a":0,"k":100,"ix":7},"sk":{"a":0,"k":0,"ix":4},"sa":{"a":0,"k":0,"ix":5},"nm":"Transform"}],"nm":"Group 1","np":1,"cix":2,"bm":0,"ix":1,"mn":"ADBE Vector Group","hd":false},{"ty":"gr","it":[{"ind":0,"ty":"sh","ix":1,"ks":{"a":1,"k":[{"i":{"x":0.833,"y":1},"o":{"x":0.333,"y":0},"t":0,"s":[{"i":[[0,0],[0,0],[3.474,-1.856],[0,0],[5.445,3.938],[-3.16,5.374],[0,0],[0,0],[-2.504,0.977],[-2.321,0]],"o":[[0,0],[-6.408,3.234],[0,0],[-3.982,5.487],[-5.193,-3.755],[0,0],[0,0],[1.954,-2.137],[2.138,-0.916],[0,0]],"v":[[-43.745,-44.854],[-81.707,-29.078],[-91.999,-22.375],[-114.151,38.863],[-131.196,41.572],[-134.532,25.438],[-110.797,-43.701],[-58.209,-84.338],[-51.43,-88.98],[-42.012,-89.287]],"c":true}]},{"i":{"x":0.833,"y":1},"o":{"x":0.167,"y":0},"t":18,"s":[{"i":[[0,0],[0,0],[3.67,-1.43],[0,0],[4.939,4.556],[-3.775,4.961],[0,0],[0,0],[-2.504,0.977],[-2.321,0]],"o":[[0,0],[-6.408,3.234],[0,0],[-4.605,4.976],[-4.71,-4.345],[0,0],[0,0],[1.954,-2.137],[2.138,-0.916],[0,0]],"v":[[-43.745,-44.854],[-81.707,-29.078],[-94.47,-22.794],[-134.688,30.932],[-151.934,31.598],[-153.331,15.182],[-110.603,-46.201],[-58.209,-84.338],[-51.43,-88.98],[-42.012,-89.287]],"c":true}]},{"i":{"x":0.667,"y":1},"o":{"x":0.167,"y":0},"t":66,"s":[{"i":[[0,0],[0,0],[3.67,-1.43],[0,0],[4.939,4.556],[-3.775,4.961],[0,0],[0,0],[-2.504,0.977],[-2.321,0]],"o":[[0,0],[-6.408,3.234],[0,0],[-4.605,4.976],[-4.71,-4.345],[0,0],[0,0],[1.954,-2.137],[2.138,-0.916],[0,0]],"v":[[-43.745,-44.854],[-81.707,-29.078],[-94.47,-22.794],[-134.688,30.932],[-151.934,31.598],[-153.331,15.182],[-110.603,-46.201],[-58.209,-84.338],[-51.43,-88.98],[-42.012,-89.287]],"c":true}]},{"i":{"x":0.833,"y":1},"o":{"x":0.333,"y":0},"t":84,"s":[{"i":[[0,0],[0,0],[3.474,-1.856],[0,0],[5.445,3.938],[-3.16,5.374],[0,0],[0,0],[-2.504,0.977],[-2.321,0]],"o":[[0,0],[-6.408,3.234],[0,0],[-3.982,5.487],[-5.193,-3.755],[0,0],[0,0],[1.954,-2.137],[2.138,-0.916],[0,0]],"v":[[-43.745,-44.854],[-81.707,-29.078],[-91.999,-22.375],[-114.151,38.863],[-131.196,41.572],[-134.532,25.438],[-110.797,-43.701],[-58.209,-84.338],[-51.43,-88.98],[-42.012,-89.287]],"c":true}]},{"i":{"x":0.833,"y":1},"o":{"x":0.333,"y":0},"t":90,"s":[{"i":[[0,0],[0,0],[3.474,-1.856],[0,0],[5.445,3.938],[-3.16,5.374],[0,0],[0,0],[-2.504,0.977],[-2.321,0]],"o":[[0,0],[-6.408,3.234],[0,0],[-3.982,5.487],[-5.193,-3.755],[0,0],[0,0],[1.954,-2.137],[2.138,-0.916],[0,0]],"v":[[-43.745,-44.854],[-81.707,-29.078],[-91.999,-22.375],[-114.151,38.863],[-131.196,41.572],[-134.532,25.438],[-110.797,-43.701],[-58.209,-84.338],[-51.43,-88.98],[-42.012,-89.287]],"c":true}]},{"i":{"x":0.833,"y":1},"o":{"x":0.167,"y":0},"t":108,"s":[{"i":[[0,0],[0,0],[3.67,-1.43],[0,0],[4.939,4.556],[-3.775,4.961],[0,0],[0,0],[-2.504,0.977],[-2.321,0]],"o":[[0,0],[-6.408,3.234],[0,0],[-4.605,4.976],[-4.71,-4.345],[0,0],[0,0],[1.954,-2.137],[2.138,-0.916],[0,0]],"v":[[-43.745,-44.854],[-81.707,-29.078],[-94.47,-22.794],[-134.688,30.932],[-151.934,31.598],[-153.331,15.182],[-110.603,-46.201],[-58.209,-84.338],[-51.43,-88.98],[-42.012,-89.287]],"c":true}]},{"i":{"x":0.667,"y":1},"o":{"x":0.167,"y":0},"t":156,"s":[{"i":[[0,0],[0,0],[3.67,-1.43],[0,0],[4.939,4.556],[-3.775,4.961],[0,0],[0,0],[-2.504,0.977],[-2.321,0]],"o":[[0,0],[-6.408,3.234],[0,0],[-4.605,4.976],[-4.71,-4.345],[0,0],[0,0],[1.954,-2.137],[2.138,-0.916],[0,0]],"v":[[-43.745,-44.854],[-81.707,-29.078],[-94.47,-22.794],[-134.688,30.932],[-151.934,31.598],[-153.331,15.182],[-110.603,-46.201],[-58.209,-84.338],[-51.43,-88.98],[-42.012,-89.287]],"c":true}]},{"t":174,"s":[{"i":[[0,0],[0,0],[3.474,-1.856],[0,0],[5.445,3.938],[-3.16,5.374],[0,0],[0,0],[-2.504,0.977],[-2.321,0]],"o":[[0,0],[-6.408,3.234],[0,0],[-3.982,5.487],[-5.193,-3.755],[0,0],[0,0],[1.954,-2.137],[2.138,-0.916],[0,0]],"v":[[-43.745,-44.854],[-81.707,-29.078],[-91.999,-22.375],[-114.151,38.863],[-131.196,41.572],[-134.532,25.438],[-110.797,-43.701],[-58.209,-84.338],[-51.43,-88.98],[-42.012,-89.287]],"c":true}]}],"ix":2},"nm":"Path 1","mn":"ADBE Vector Shape - Group","hd":false},{"ty":"fl","c":{"a":0,"k":[0.533333333333,0.721568627451,0.976470648074,1],"ix":4},"o":{"a":0,"k":100,"ix":5},"r":1,"bm":0,"nm":"Fill 1","mn":"ADBE Vector Graphic - Fill","hd":false},{"ty":"tr","p":{"a":0,"k":[0,0],"ix":2},"a":{"a":0,"k":[0,0],"ix":1},"s":{"a":0,"k":[100,100],"ix":3},"r":{"a":0,"k":0,"ix":6},"o":{"a":0,"k":100,"ix":7},"sk":{"a":0,"k":0,"ix":4},"sa":{"a":0,"k":0,"ix":5},"nm":"Transform"}],"nm":"Group 3","np":2,"cix":2,"bm":0,"ix":2,"mn":"ADBE Vector Group","hd":false}],"ip":0,"op":180,"st":0,"ct":1,"bm":0},{"ddd":0,"ind":5,"ty":1,"nm":"Null 1","sr":1,"ks":{"o":{"a":0,"k":0,"ix":11},"r":{"a":0,"k":0,"ix":10},"p":{"a":0,"k":[343.234,446.228,0],"ix":2,"l":2},"a":{"a":0,"k":[50,50,0],"ix":1,"l":2},"s":{"a":0,"k":[85,85,100],"ix":6,"l":2}},"ao":0,"sw":100,"sh":100,"sc":"#ffffff","ip":0,"op":180,"st":0,"bm":0},{"ddd":0,"ind":6,"ty":4,"nm":"body 2","parent":5,"sr":1,"ks":{"o":{"a":0,"k":100,"ix":11},"r":{"a":1,"k":[{"i":{"x":[0.667],"y":[1]},"o":{"x":[0.333],"y":[0]},"t":0,"s":[-1]},{"i":{"x":[0.667],"y":[1]},"o":{"x":[0.157],"y":[0]},"t":18,"s":[2]},{"i":{"x":[0.667],"y":[1]},"o":{"x":[0.333],"y":[0]},"t":66,"s":[2]},{"i":{"x":[0.667],"y":[1]},"o":{"x":[0.324],"y":[0]},"t":84,"s":[-1]},{"i":{"x":[0.667],"y":[1]},"o":{"x":[0.333],"y":[0]},"t":90,"s":[-1]},{"i":{"x":[0.667],"y":[1]},"o":{"x":[0.157],"y":[0]},"t":108,"s":[2]},{"i":{"x":[0.667],"y":[1]},"o":{"x":[0.333],"y":[0]},"t":156,"s":[2]},{"t":174,"s":[-1]}],"ix":10},"p":{"a":1,"k":[{"i":{"x":0.667,"y":1},"o":{"x":0.172,"y":0},"t":0,"s":[50.411,53.931,0],"to":[0,0,0],"ti":[0,0,0]},{"i":{"x":0.667,"y":1},"o":{"x":0.333,"y":0},"t":8.091,"s":[50.411,55.931,0],"to":[0,0,0],"ti":[0,0,0]},{"i":{"x":0.667,"y":0.667},"o":{"x":0.172,"y":0.172},"t":18,"s":[50.411,53.931,0],"to":[0,0,0],"ti":[0,0,0]},{"i":{"x":0.667,"y":1},"o":{"x":0.333,"y":0},"t":66,"s":[50.411,53.931,0],"to":[0,0,0],"ti":[0,0,0]},{"i":{"x":0.828,"y":1},"o":{"x":0.333,"y":0},"t":75.909,"s":[50.411,55.931,0],"to":[0,0,0],"ti":[0,0,0]},{"i":{"x":0.667,"y":0.667},"o":{"x":0.23,"y":0.23},"t":84,"s":[50.411,53.931,0],"to":[0,0,0],"ti":[0,0,0]},{"i":{"x":0.667,"y":1},"o":{"x":0.172,"y":0},"t":90,"s":[50.411,53.931,0],"to":[0,0,0],"ti":[0,0,0]},{"i":{"x":0.667,"y":1},"o":{"x":0.333,"y":0},"t":98.091,"s":[50.411,55.931,0],"to":[0,0,0],"ti":[0,0,0]},{"i":{"x":0.667,"y":0.667},"o":{"x":0.172,"y":0.172},"t":108,"s":[50.411,53.931,0],"to":[0,0,0],"ti":[0,0,0]},{"i":{"x":0.667,"y":1},"o":{"x":0.333,"y":0},"t":156,"s":[50.411,53.931,0],"to":[0,0,0],"ti":[0,0,0]},{"i":{"x":0.828,"y":1},"o":{"x":0.333,"y":0},"t":165.909,"s":[50.411,55.931,0],"to":[0,0,0],"ti":[0,0,0]},{"t":174,"s":[50.411,53.931,0]}],"ix":2,"l":2},"a":{"a":0,"k":[-5.855,73.159,0],"ix":1,"l":2},"s":{"a":0,"k":[100,100,100],"ix":6,"l":2}},"ao":0,"shapes":[{"ty":"gr","it":[{"ind":0,"ty":"sh","ix":1,"ks":{"a":0,"k":{"i":[[0,0],[0,0],[0,0],[0,0],[0,0],[0,0],[0,0],[-2.504,0.977],[-2.321,0],[0,0],[-16.325,0.09],[0,0],[0,0],[-1.832,-0.55],[-0.55,-0.183]],"o":[[0,0],[0,0],[0,0],[0,0],[0,0],[0,0],[1.954,-2.137],[2.138,-0.916],[0,0],[0,0],[18.382,-0.102],[0,0],[1.771,0],[0.611,0.183],[0.061,0.061]],"v":[[38.357,-49.102],[43.126,74.39],[0.249,75.604],[-12.21,75.604],[-54.837,73.64],[-50.745,-38.354],[-51.82,-86.052],[-48.791,-87.944],[-42.012,-89.287],[-36.516,-89.287],[-5.91,-89.529],[24.555,-89.287],[29.624,-89.287],[35.059,-88.432],[36.83,-87.821]],"c":true},"ix":2},"nm":"Path 1","mn":"ADBE Vector Shape - Group","hd":false},{"ty":"fl","c":{"a":0,"k":[0.533333333333,0.721568627451,0.976470648074,1],"ix":4},"o":{"a":0,"k":100,"ix":5},"r":1,"bm":0,"nm":"Fill 1","mn":"ADBE Vector Graphic - Fill","hd":false},{"ty":"tr","p":{"a":0,"k":[0,0],"ix":2},"a":{"a":0,"k":[0,0],"ix":1},"s":{"a":0,"k":[100,100],"ix":3},"r":{"a":0,"k":0,"ix":6},"o":{"a":0,"k":100,"ix":7},"sk":{"a":0,"k":0,"ix":4},"sa":{"a":0,"k":0,"ix":5},"nm":"Transform"}],"nm":"Group 3","np":2,"cix":2,"bm":0,"ix":1,"mn":"ADBE Vector Group","hd":false}],"ip":0,"op":180,"st":0,"ct":1,"bm":0},{"ddd":0,"ind":7,"ty":4,"nm":"r leg 2","parent":5,"sr":1,"ks":{"o":{"a":0,"k":100,"ix":11},"r":{"a":1,"k":[{"i":{"x":[0.667],"y":[1]},"o":{"x":[0.333],"y":[0]},"t":0,"s":[0]},{"i":{"x":[0.667],"y":[1]},"o":{"x":[0.157],"y":[0]},"t":18,"s":[5]},{"i":{"x":[0.667],"y":[1]},"o":{"x":[0.333],"y":[0]},"t":66,"s":[5]},{"i":{"x":[0.667],"y":[1]},"o":{"x":[0.324],"y":[0]},"t":84,"s":[0]},{"i":{"x":[0.667],"y":[1]},"o":{"x":[0.333],"y":[0]},"t":90,"s":[0]},{"i":{"x":[0.667],"y":[1]},"o":{"x":[0.157],"y":[0]},"t":108,"s":[5]},{"i":{"x":[0.667],"y":[1]},"o":{"x":[0.333],"y":[0]},"t":156,"s":[5]},{"t":174,"s":[0]}],"ix":10},"p":{"a":0,"k":[23.796,46.069,0],"ix":2,"l":2},"a":{"a":0,"k":[-32.47,65.297,0],"ix":1,"l":2},"s":{"a":0,"k":[100,100,100],"ix":6,"l":2}},"ao":0,"shapes":[{"ty":"gr","it":[{"ind":0,"ty":"sh","ix":1,"ks":{"a":0,"k":{"i":[[0,0],[0,0],[10.138,0.55],[0,9.649],[0,0]],"o":[[0,0],[-0.55,10.138],[-9.772,-0.55],[0,0],[0,0]],"v":[[-12.71,64.104],[-18.195,186.508],[-37.493,203.852],[-54.837,185.531],[-54.337,62.64]],"c":true},"ix":2},"nm":"Path 1","mn":"ADBE Vector Shape - Group","hd":false},{"ty":"fl","c":{"a":0,"k":[0.533333333333,0.721568627451,0.976470648074,1],"ix":4},"o":{"a":0,"k":100,"ix":5},"r":1,"bm":0,"nm":"Fill 1","mn":"ADBE Vector Graphic - Fill","hd":false},{"ty":"tr","p":{"a":0,"k":[0,0],"ix":2},"a":{"a":0,"k":[0,0],"ix":1},"s":{"a":0,"k":[100,100],"ix":3},"r":{"a":0,"k":0,"ix":6},"o":{"a":0,"k":100,"ix":7},"sk":{"a":0,"k":0,"ix":4},"sa":{"a":0,"k":0,"ix":5},"nm":"Transform"}],"nm":"Group 3","np":2,"cix":2,"bm":0,"ix":1,"mn":"ADBE Vector Group","hd":false}],"ip":0,"op":180,"st":0,"ct":1,"bm":0},{"ddd":0,"ind":8,"ty":4,"nm":"l leg 2","parent":5,"sr":1,"ks":{"o":{"a":0,"k":100,"ix":11},"r":{"a":0,"k":0,"ix":10},"p":{"a":0,"k":[76.204,51.376,0],"ix":2,"l":2},"a":{"a":0,"k":[19.937,70.603,0],"ix":1,"l":2},"s":{"a":0,"k":[100,100,100],"ix":6,"l":2}},"ao":0,"shapes":[{"ty":"gr","it":[{"ty":"fl","c":{"a":0,"k":[0.533333333333,0.721568627451,0.976470648074,1],"ix":4},"o":{"a":0,"k":100,"ix":5},"r":1,"bm":0,"nm":"Fill 1","mn":"ADBE Vector Graphic - Fill","hd":false},{"ty":"tr","p":{"a":0,"k":[0,0],"ix":2},"a":{"a":0,"k":[0,0],"ix":1},"s":{"a":0,"k":[100,100],"ix":3},"r":{"a":0,"k":0,"ix":6},"o":{"a":0,"k":100,"ix":7},"sk":{"a":0,"k":0,"ix":4},"sa":{"a":0,"k":0,"ix":5},"nm":"Transform"}],"nm":"Group 1","np":1,"cix":2,"bm":0,"ix":1,"mn":"ADBE Vector Group","hd":false},{"ty":"gr","it":[{"ty":"fl","c":{"a":0,"k":[0.533333333333,0.721568627451,0.976470648074,1],"ix":4},"o":{"a":0,"k":100,"ix":5},"r":1,"bm":0,"nm":"Fill 1","mn":"ADBE Vector Graphic - Fill","hd":false},{"ty":"tr","p":{"a":0,"k":[0,0],"ix":2},"a":{"a":0,"k":[0,0],"ix":1},"s":{"a":0,"k":[100,100],"ix":3},"r":{"a":0,"k":0,"ix":6},"o":{"a":0,"k":100,"ix":7},"sk":{"a":0,"k":0,"ix":4},"sa":{"a":0,"k":0,"ix":5},"nm":"Transform"}],"nm":"Group 2","np":1,"cix":2,"bm":0,"ix":2,"mn":"ADBE Vector Group","hd":false},{"ty":"gr","it":[{"ind":0,"ty":"sh","ix":1,"ks":{"a":0,"k":{"i":[[0,0],[0,0],[10.138,0],[0.55,9.649],[0,0]],"o":[[0,0],[0,10.138],[-9.771,0],[0,0],[0,0]],"v":[[42.876,63.39],[42.876,185.531],[24.555,203.852],[6.234,186.508],[-1.001,63.354]],"c":true},"ix":2},"nm":"Path 1","mn":"ADBE Vector Shape - Group","hd":false},{"ty":"fl","c":{"a":0,"k":[0.533333333333,0.721568627451,0.976470648074,1],"ix":4},"o":{"a":0,"k":100,"ix":5},"r":1,"bm":0,"nm":"Fill 1","mn":"ADBE Vector Graphic - Fill","hd":false},{"ty":"tr","p":{"a":0,"k":[0,0],"ix":2},"a":{"a":0,"k":[0,0],"ix":1},"s":{"a":0,"k":[100,100],"ix":3},"r":{"a":0,"k":0,"ix":6},"o":{"a":0,"k":100,"ix":7},"sk":{"a":0,"k":0,"ix":4},"sa":{"a":0,"k":0,"ix":5},"nm":"Transform"}],"nm":"Group 3","np":2,"cix":2,"bm":0,"ix":3,"mn":"ADBE Vector Group","hd":false}],"ip":0,"op":180,"st":0,"ct":1,"bm":0}]}],"layers":[{"ddd":0,"ind":1,"ty":0,"nm":"guy 2","refId":"comp_0","sr":1,"ks":{"o":{"a":0,"k":100,"ix":11},"r":{"a":0,"k":0,"ix":10},"p":{"a":0,"k":[250,250,0],"ix":2,"l":2},"a":{"a":0,"k":[250,250,0],"ix":1,"l":2},"s":{"a":0,"k":[100,100,100],"ix":6,"l":2}},"ao":0,"hasMask":true,"masksProperties":[{"inv":false,"mode":"a","pt":{"a":0,"k":{"i":[[58.5,-58.5],[0,-187],[18.5,-18.5],[0,0],[0,0],[51,51]],"o":[[-58.5,58.5],[0,187],[-18.5,18.5],[0,0],[0,0],[-51,-51]],"v":[[474,56],[176,56],[176,352],[221,448],[440,448],[656,238]],"c":true},"ix":1},"o":{"a":0,"k":100,"ix":3},"x":{"a":0,"k":0,"ix":4},"nm":"Mask 1"}],"w":500,"h":500,"ip":0,"op":162,"st":-18,"bm":0},{"ddd":0,"ind":2,"ty":0,"nm":"guy 2","refId":"comp_0","sr":1,"ks":{"o":{"a":0,"k":100,"ix":11},"r":{"a":0,"k":0,"ix":10},"p":{"a":0,"k":[250,250,0],"ix":2,"l":2},"a":{"a":0,"k":[250,250,0],"ix":1,"l":2},"s":{"a":0,"k":[100,100,100],"ix":6,"l":2}},"ao":0,"hasMask":true,"masksProperties":[{"inv":false,"mode":"a","pt":{"a":0,"k":{"i":[[58.5,-58.5],[0,-187],[18.5,-18.5],[0,0],[0,0],[51,51]],"o":[[-58.5,58.5],[0,187],[-18.5,18.5],[0,0],[0,0],[-51,-51]],"v":[[474,56],[176,56],[176,352],[221,448],[440,448],[656,238]],"c":true},"ix":1},"o":{"a":0,"k":100,"ix":3},"x":{"a":0,"k":0,"ix":4},"nm":"Mask 1"}],"w":500,"h":500,"ip":162,"op":180,"st":162,"bm":0},{"ddd":0,"ind":3,"ty":3,"nm":"NULL Layer 3","sr":1,"ks":{"o":{"a":0,"k":0,"ix":11},"r":{"a":0,"k":0,"ix":10},"p":{"a":0,"k":[227.435,131.436,0],"ix":2,"l":2},"a":{"a":0,"k":[50,50,0],"ix":1,"l":2},"s":{"a":0,"k":[86,86,100],"ix":6,"l":2}},"ao":0,"ip":0,"op":180,"st":0,"bm":0},{"ddd":0,"ind":4,"ty":4,"nm":"Layer 3","parent":3,"sr":1,"ks":{"o":{"a":0,"k":100,"ix":11},"r":{"a":0,"k":0,"ix":10},"p":{"a":0,"k":[50,50,0],"ix":2,"l":2},"a":{"a":0,"k":[105.435,-27.564,0],"ix":1,"l":2},"s":{"a":1,"k":[{"i":{"x":[0.667,0.667,0.667],"y":[1,1,1]},"o":{"x":[0.333,0.333,0.333],"y":[0,0,0]},"t":21,"s":[0,0,100]},{"i":{"x":[0.667,0.667,0.667],"y":[1,1,1]},"o":{"x":[0.333,0.333,0.333],"y":[0,0,0]},"t":31,"s":[110,110,100]},{"i":{"x":[0.667,0.667,0.667],"y":[1,1,1]},"o":{"x":[0.297,0.297,0.297],"y":[0,0,0]},"t":36,"s":[100,100,100]},{"i":{"x":[0.667,0.667,0.667],"y":[1,1,1]},"o":{"x":[0.333,0.333,0.333],"y":[0,0,0]},"t":66,"s":[100,100,100]},{"i":{"x":[0.667,0.667,0.667],"y":[1,1,1]},"o":{"x":[0.333,0.333,0.333],"y":[0,0,0]},"t":71,"s":[110,110,100]},{"i":{"x":[0.833,0.833,0.833],"y":[1,1,1]},"o":{"x":[0.182,0.182,0.182],"y":[0,0,0]},"t":81,"s":[0,0,100]},{"i":{"x":[0.667,0.667,0.667],"y":[1,1,1]},"o":{"x":[0.333,0.333,0.333],"y":[0,0,0]},"t":111,"s":[0,0,100]},{"i":{"x":[0.667,0.667,0.667],"y":[1,1,1]},"o":{"x":[0.333,0.333,0.333],"y":[0,0,0]},"t":121,"s":[110,110,100]},{"i":{"x":[0.667,0.667,0.667],"y":[1,1,1]},"o":{"x":[0.297,0.297,0.297],"y":[0,0,0]},"t":126,"s":[100,100,100]},{"i":{"x":[0.667,0.667,0.667],"y":[1,1,1]},"o":{"x":[0.333,0.333,0.333],"y":[0,0,0]},"t":156,"s":[100,100,100]},{"i":{"x":[0.667,0.667,0.667],"y":[1,1,1]},"o":{"x":[0.333,0.333,0.333],"y":[0,0,0]},"t":161,"s":[110,110,100]},{"t":171,"s":[0,0,100]}],"ix":6,"l":2}},"ao":0,"shapes":[{"ty":"gr","it":[{"ind":0,"ty":"sh","ix":1,"ks":{"a":0,"k":{"i":[[0,-3.262],[3.262,0],[0,3.262],[-3.262,0]],"o":[[0,3.262],[-3.262,0],[0,-3.262],[3.262,0]],"v":[[128.464,-66.858],[122.557,-60.951],[116.65,-66.858],[122.557,-72.766]],"c":true},"ix":2},"nm":"Path 1","mn":"ADBE Vector Shape - Group","hd":false},{"ty":"fl","c":{"a":0,"k":[1,0.996078431606,1,1],"ix":4},"o":{"a":0,"k":100,"ix":5},"r":1,"bm":0,"nm":"Fill 1","mn":"ADBE Vector Graphic - Fill","hd":false},{"ty":"tr","p":{"a":0,"k":[0,0],"ix":2},"a":{"a":0,"k":[0,0],"ix":1},"s":{"a":0,"k":[100,100],"ix":3},"r":{"a":0,"k":0,"ix":6},"o":{"a":0,"k":100,"ix":7},"sk":{"a":0,"k":0,"ix":4},"sa":{"a":0,"k":0,"ix":5},"nm":"Transform"}],"nm":"Group 1","np":2,"cix":2,"bm":0,"ix":1,"mn":"ADBE Vector Group","hd":false},{"ty":"gr","it":[{"ind":0,"ty":"sh","ix":1,"ks":{"a":0,"k":{"i":[[0,-3.262],[3.262,0],[0,3.262],[-3.262,0]],"o":[[0,3.262],[-3.262,0],[0,-3.262],[3.262,0]],"v":[[175.72,-66.858],[169.813,-60.951],[163.906,-66.858],[169.813,-72.766]],"c":true},"ix":2},"nm":"Path 1","mn":"ADBE Vector Shape - Group","hd":false},{"ty":"fl","c":{"a":0,"k":[1,0.996078431606,1,1],"ix":4},"o":{"a":0,"k":100,"ix":5},"r":1,"bm":0,"nm":"Fill 1","mn":"ADBE Vector Graphic - Fill","hd":false},{"ty":"tr","p":{"a":0,"k":[0,0],"ix":2},"a":{"a":0,"k":[0,0],"ix":1},"s":{"a":0,"k":[100,100],"ix":3},"r":{"a":0,"k":0,"ix":6},"o":{"a":0,"k":100,"ix":7},"sk":{"a":0,"k":0,"ix":4},"sa":{"a":0,"k":0,"ix":5},"nm":"Transform"}],"nm":"Group 2","np":2,"cix":2,"bm":0,"ix":2,"mn":"ADBE Vector Group","hd":false},{"ty":"gr","it":[{"ind":0,"ty":"sh","ix":1,"ks":{"a":0,"k":{"i":[[-3.062,1.126],[-1.126,-3.062],[3.062,-1.126],[1.126,3.062]],"o":[[3.062,-1.126],[1.126,3.062],[-3.062,1.126],[-1.126,-3.062]],"v":[[144.146,-72.403],[151.729,-68.897],[148.224,-61.314],[140.641,-64.82]],"c":true},"ix":2},"nm":"Path 1","mn":"ADBE Vector Shape - Group","hd":false},{"ty":"fl","c":{"a":0,"k":[1,0.996078431606,1,1],"ix":4},"o":{"a":0,"k":100,"ix":5},"r":1,"bm":0,"nm":"Fill 1","mn":"ADBE Vector Graphic - Fill","hd":false},{"ty":"tr","p":{"a":0,"k":[0,0],"ix":2},"a":{"a":0,"k":[0,0],"ix":1},"s":{"a":0,"k":[100,100],"ix":3},"r":{"a":0,"k":0,"ix":6},"o":{"a":0,"k":100,"ix":7},"sk":{"a":0,"k":0,"ix":4},"sa":{"a":0,"k":0,"ix":5},"nm":"Transform"}],"nm":"Group 3","np":2,"cix":2,"bm":0,"ix":3,"mn":"ADBE Vector Group","hd":false},{"ty":"gr","it":[{"ind":0,"ty":"sh","ix":1,"ks":{"a":0,"k":{"i":[[0,-6.525],[0,0],[6.525,0],[0,0],[0,0],[0,1.404],[0,0],[-6.525,0],[0,0]],"o":[[0,0],[0,6.525],[0,0],[0,0],[-0.993,0.993],[0,0],[0,-6.525],[0,0],[6.525,0]],"v":[[187.535,-84.58],[187.535,-49.137],[175.72,-37.323],[116.65,-37.323],[107.526,-28.199],[104.835,-29.313],[104.835,-84.58],[116.65,-96.394],[175.72,-96.394]],"c":true},"ix":2},"nm":"Path 1","mn":"ADBE Vector Shape - Group","hd":false},{"ty":"fl","c":{"a":0,"k":[0.933333393172,0.447058853449,0.192156877705,1],"ix":4},"o":{"a":0,"k":100,"ix":5},"r":1,"bm":0,"nm":"Fill 1","mn":"ADBE Vector Graphic - Fill","hd":false},{"ty":"tr","p":{"a":0,"k":[0,0],"ix":2},"a":{"a":0,"k":[0,0],"ix":1},"s":{"a":0,"k":[100,100],"ix":3},"r":{"a":0,"k":0,"ix":6},"o":{"a":0,"k":100,"ix":7},"sk":{"a":0,"k":0,"ix":4},"sa":{"a":0,"k":0,"ix":5},"nm":"Transform"}],"nm":"Group 4","np":2,"cix":2,"bm":0,"ix":4,"mn":"ADBE Vector Group","hd":false}],"ip":0,"op":180,"st":0,"ct":1,"bm":0},{"ddd":0,"ind":5,"ty":4,"nm":"Layer 1","sr":1,"ks":{"o":{"a":0,"k":100,"ix":11},"r":{"a":0,"k":0,"ix":10},"p":{"a":1,"k":[{"i":{"x":0.092,"y":0.891},"o":{"x":0.181,"y":0},"t":49,"s":[96.238,160.21,0],"to":[2.583,2.667,0],"ti":[0,0,0]},{"i":{"x":0.667,"y":1},"o":{"x":0.518,"y":0.062},"t":59,"s":[111.738,176.21,0],"to":[0,0,0],"ti":[0,0,0]},{"i":{"x":0.833,"y":0.833},"o":{"x":0.17,"y":0.17},"t":69,"s":[96.238,160.21,0],"to":[0,0,0],"ti":[0,0,0]},{"i":{"x":0.092,"y":0.891},"o":{"x":0.181,"y":0},"t":139,"s":[96.238,160.21,0],"to":[0,0,0],"ti":[0,0,0]},{"i":{"x":0.667,"y":1},"o":{"x":0.518,"y":0.062},"t":149,"s":[111.738,176.21,0],"to":[0,0,0],"ti":[2.583,2.667,0]},{"t":159,"s":[96.238,160.21,0]}],"ix":2,"l":2},"a":{"a":0,"k":[-143.762,-89.79,0],"ix":1,"l":2},"s":{"a":0,"k":[100,100,100],"ix":6,"l":2}},"ao":0,"shapes":[{"ty":"gr","it":[{"ind":0,"ty":"sh","ix":1,"ks":{"a":0,"k":{"i":[[0.552,0],[0,0],[0,-0.552],[0,0],[0,0],[0,0]],"o":[[0,0],[-0.552,0],[0,0],[0,0],[0,0],[0,-0.552]],"v":[[-138.355,-120.022],[-148.169,-120.022],[-149.169,-119.022],[-149.169,-102.301],[-137.355,-102.301],[-137.355,-119.022]],"c":true},"ix":2},"nm":"Path 1","mn":"ADBE Vector Shape - Group","hd":false},{"ty":"fl","c":{"a":0,"k":[1,0.996078431606,1,1],"ix":4},"o":{"a":0,"k":100,"ix":5},"r":1,"bm":0,"nm":"Fill 1","mn":"ADBE Vector Graphic - Fill","hd":false},{"ty":"tr","p":{"a":0,"k":[0,0],"ix":2},"a":{"a":0,"k":[0,0],"ix":1},"s":{"a":0,"k":[100,100],"ix":3},"r":{"a":0,"k":0,"ix":6},"o":{"a":0,"k":100,"ix":7},"sk":{"a":0,"k":0,"ix":4},"sa":{"a":0,"k":0,"ix":5},"nm":"Transform"}],"nm":"Group 1","np":2,"cix":2,"bm":0,"ix":1,"mn":"ADBE Vector Group","hd":false},{"ty":"gr","it":[{"ind":0,"ty":"sh","ix":1,"ks":{"a":0,"k":{"i":[[1.105,0],[0,0],[0,1.105],[0,0],[0,0],[0,0]],"o":[[0,0],[-1.105,0],[0,0],[0,0],[0,0],[0,1.105]],"v":[[-133.448,-84.58],[-153.076,-84.58],[-155.076,-86.58],[-155.076,-102.301],[-131.448,-102.301],[-131.448,-86.58]],"c":true},"ix":2},"nm":"Path 1","mn":"ADBE Vector Shape - Group","hd":false},{"ty":"fl","c":{"a":0,"k":[0.184313729405,0.474509805441,0.941176474094,1],"ix":4},"o":{"a":0,"k":100,"ix":5},"r":1,"bm":0,"nm":"Fill 1","mn":"ADBE Vector Graphic - Fill","hd":false},{"ty":"tr","p":{"a":0,"k":[0,0],"ix":2},"a":{"a":0,"k":[0,0],"ix":1},"s":{"a":0,"k":[100,100],"ix":3},"r":{"a":0,"k":0,"ix":6},"o":{"a":0,"k":100,"ix":7},"sk":{"a":0,"k":0,"ix":4},"sa":{"a":0,"k":0,"ix":5},"nm":"Transform"}],"nm":"Group 2","np":2,"cix":2,"bm":0,"ix":2,"mn":"ADBE Vector Group","hd":false},{"ty":"gr","it":[{"ind":0,"ty":"sh","ix":1,"ks":{"a":0,"k":{"i":[[0,10.449],[21.444,-2.453],[2.118,-15.751],[-8.033,-7.478],[-1.833,-7.332],[0,0],[0,0],[0,0],[-5.233,4.708]],"o":[[0,-20.951],[-15.789,1.806],[-1.636,12.171],[5.531,5.149],[0,0],[0,0],[0,0],[1.707,-6.829],[7.199,-6.477]],"v":[[-107.819,-149.558],[-147.442,-184.76],[-178.373,-154.466],[-167.42,-123.668],[-155.723,-104.889],[-155.076,-102.301],[-131.448,-102.301],[-130.557,-105.865],[-119.551,-123.258]],"c":true},"ix":2},"nm":"Path 1","mn":"ADBE Vector Shape - Group","hd":false},{"ty":"fl","c":{"a":0,"k":[0.972549021244,0.811764717102,0.427450984716,1],"ix":4},"o":{"a":0,"k":100,"ix":5},"r":1,"bm":0,"nm":"Fill 1","mn":"ADBE Vector Graphic - Fill","hd":false},{"ty":"tr","p":{"a":0,"k":[0,0],"ix":2},"a":{"a":0,"k":[0,0],"ix":1},"s":{"a":0,"k":[100,100],"ix":3},"r":{"a":0,"k":0,"ix":6},"o":{"a":0,"k":100,"ix":7},"sk":{"a":0,"k":0,"ix":4},"sa":{"a":0,"k":0,"ix":5},"nm":"Transform"}],"nm":"Group 3","np":2,"cix":2,"bm":0,"ix":3,"mn":"ADBE Vector Group","hd":false}],"ip":0,"op":180,"st":0,"ct":1,"bm":0},{"ddd":0,"ind":6,"ty":4,"nm":"head","parent":10,"sr":1,"ks":{"o":{"a":0,"k":100,"ix":11},"r":{"a":1,"k":[{"i":{"x":[0.667],"y":[1]},"o":{"x":[0.333],"y":[0]},"t":0,"s":[-4]},{"i":{"x":[0.667],"y":[1]},"o":{"x":[0.167],"y":[0]},"t":17.143,"s":[5]},{"i":{"x":[0.667],"y":[1]},"o":{"x":[0.167],"y":[0]},"t":28.571,"s":[5]},{"i":{"x":[0.667],"y":[1]},"o":{"x":[0.167],"y":[0]},"t":45.714,"s":[5]},{"i":{"x":[0.667],"y":[1]},"o":{"x":[0.167],"y":[0]},"t":62.857,"s":[5]},{"i":{"x":[0.667],"y":[1]},"o":{"x":[0.235],"y":[0]},"t":80,"s":[-4]},{"i":{"x":[0.667],"y":[1]},"o":{"x":[0.333],"y":[0]},"t":90,"s":[-4]},{"i":{"x":[0.667],"y":[1]},"o":{"x":[0.167],"y":[0]},"t":107.143,"s":[5]},{"i":{"x":[0.667],"y":[1]},"o":{"x":[0.167],"y":[0]},"t":118.571,"s":[5]},{"i":{"x":[0.667],"y":[1]},"o":{"x":[0.167],"y":[0]},"t":135.714,"s":[5]},{"i":{"x":[0.667],"y":[1]},"o":{"x":[0.167],"y":[0]},"t":152.857,"s":[5]},{"t":170,"s":[-4]}],"ix":10},"p":{"a":1,"k":[{"i":{"x":0.667,"y":1},"o":{"x":0.333,"y":0},"t":0,"s":[-4.98,-103.251,0],"to":[0,0,0],"ti":[0,0,0]},{"i":{"x":0.667,"y":1},"o":{"x":0.333,"y":0},"t":8.091,"s":[-4.972,-102.251,0],"to":[0,0,0],"ti":[0,0,0]},{"i":{"x":0.667,"y":0.667},"o":{"x":0.167,"y":0.167},"t":17.143,"s":[-4.98,-103.251,0],"to":[0,0,0],"ti":[0,0,0]},{"i":{"x":0.667,"y":0.667},"o":{"x":0.185,"y":0.185},"t":28.571,"s":[-4.98,-103.251,0],"to":[0,0,0],"ti":[0,0,0]},{"i":{"x":0.667,"y":0.667},"o":{"x":0.167,"y":0.167},"t":45.714,"s":[-4.98,-103.251,0],"to":[0,0,0],"ti":[0,0,0]},{"i":{"x":0.667,"y":1},"o":{"x":0.182,"y":0},"t":62.857,"s":[-4.98,-103.251,0],"to":[0,0,0],"ti":[0,0,0]},{"i":{"x":0.703,"y":1},"o":{"x":0.333,"y":0},"t":72,"s":[-4.972,-102.251,0],"to":[0,0,0],"ti":[0,0,0]},{"i":{"x":0.667,"y":0.667},"o":{"x":0.209,"y":0.209},"t":80,"s":[-4.98,-103.251,0],"to":[0,0,0],"ti":[0,0,0]},{"i":{"x":0.667,"y":1},"o":{"x":0.333,"y":0},"t":90,"s":[-4.98,-103.251,0],"to":[0,0,0],"ti":[0,0,0]},{"i":{"x":0.667,"y":1},"o":{"x":0.333,"y":0},"t":98.091,"s":[-4.972,-102.251,0],"to":[0,0,0],"ti":[0,0,0]},{"i":{"x":0.667,"y":0.667},"o":{"x":0.167,"y":0.167},"t":107.143,"s":[-4.98,-103.251,0],"to":[0,0,0],"ti":[0,0,0]},{"i":{"x":0.667,"y":0.667},"o":{"x":0.185,"y":0.185},"t":118.571,"s":[-4.98,-103.251,0],"to":[0,0,0],"ti":[0,0,0]},{"i":{"x":0.667,"y":0.667},"o":{"x":0.167,"y":0.167},"t":135.714,"s":[-4.98,-103.251,0],"to":[0,0,0],"ti":[0,0,0]},{"i":{"x":0.667,"y":1},"o":{"x":0.182,"y":0},"t":152.857,"s":[-4.98,-103.251,0],"to":[0,0,0],"ti":[0,0,0]},{"i":{"x":0.703,"y":1},"o":{"x":0.333,"y":0},"t":162,"s":[-4.972,-102.251,0],"to":[0,0,0],"ti":[0,0,0]},{"t":170,"s":[-4.98,-103.251,0]}],"ix":2,"l":2},"a":{"a":0,"k":[-4.98,-103.251,0],"ix":1,"l":2},"s":{"a":0,"k":[100,100,100],"ix":6,"l":2}},"ao":0,"shapes":[{"ty":"gr","it":[{"ind":0,"ty":"sh","ix":1,"ks":{"a":0,"k":{"i":[[0,23.61],[23.61,0],[0,-23.61],[-23.61,0]],"o":[[0,-23.61],[-23.61,0],[0,23.61],[23.61,0]],"v":[[36.769,-144.251],[-5.98,-187],[-48.73,-144.251],[-5.98,-101.501]],"c":true},"ix":2},"nm":"Path 1","mn":"ADBE Vector Shape - Group","hd":false},{"ty":"fl","c":{"a":0,"k":[0.533333361149,0.721568644047,0.976470589638,1],"ix":4},"o":{"a":0,"k":100,"ix":5},"r":1,"bm":0,"nm":"Fill 1","mn":"ADBE Vector Graphic - Fill","hd":false},{"ty":"tr","p":{"a":0,"k":[0,0],"ix":2},"a":{"a":0,"k":[0,0],"ix":1},"s":{"a":0,"k":[100,100],"ix":3},"r":{"a":0,"k":0,"ix":6},"o":{"a":0,"k":100,"ix":7},"sk":{"a":0,"k":0,"ix":4},"sa":{"a":0,"k":0,"ix":5},"nm":"Transform"}],"nm":"Group 1","np":2,"cix":2,"bm":0,"ix":1,"mn":"ADBE Vector Group","hd":false}],"ip":0,"op":180,"st":0,"ct":1,"bm":0},{"ddd":0,"ind":7,"ty":4,"nm":"l hand","parent":10,"sr":1,"ks":{"o":{"a":0,"k":100,"ix":11},"r":{"a":1,"k":[{"i":{"x":[0.667],"y":[1]},"o":{"x":[0.333],"y":[0]},"t":0,"s":[35]},{"i":{"x":[0.667],"y":[1]},"o":{"x":[0.167],"y":[0]},"t":17.143,"s":[-4]},{"i":{"x":[0.667],"y":[1]},"o":{"x":[0.167],"y":[0]},"t":28.571,"s":[-4]},{"i":{"x":[0.667],"y":[1]},"o":{"x":[0.167],"y":[0]},"t":45.714,"s":[13]},{"i":{"x":[0.667],"y":[1]},"o":{"x":[0.167],"y":[0]},"t":62.857,"s":[13]},{"i":{"x":[0.667],"y":[1]},"o":{"x":[0.235],"y":[0]},"t":80,"s":[35]},{"i":{"x":[0.667],"y":[1]},"o":{"x":[0.333],"y":[0]},"t":90,"s":[35]},{"i":{"x":[0.667],"y":[1]},"o":{"x":[0.167],"y":[0]},"t":107.143,"s":[-4]},{"i":{"x":[0.667],"y":[1]},"o":{"x":[0.167],"y":[0]},"t":118.571,"s":[-4]},{"i":{"x":[0.667],"y":[1]},"o":{"x":[0.167],"y":[0]},"t":135.714,"s":[13]},{"i":{"x":[0.667],"y":[1]},"o":{"x":[0.167],"y":[0]},"t":152.857,"s":[13]},{"t":170,"s":[35]}],"ix":10},"p":{"a":0,"k":[34.983,-88.574,0],"ix":2,"l":2},"a":{"a":0,"k":[34.731,-90.979,0],"ix":1,"l":2},"s":{"a":0,"k":[100,100,100],"ix":6,"l":2}},"ao":0,"shapes":[{"ty":"gr","it":[{"ind":0,"ty":"sh","ix":1,"ks":{"a":1,"k":[{"i":{"x":0.667,"y":1},"o":{"x":0.333,"y":0},"t":0,"s":[{"i":[[0.96,-6.659],[6.171,0.243],[0,0],[1.129,0.407],[0,0],[0,0],[-1.832,-0.55],[-0.55,-0.183],[0,0],[0,0]],"o":[[-0.862,6.239],[0,0],[-1.283,-0.053],[0,0],[0,0],[1.771,0],[0.611,0.183],[0.061,0.061],[0,0],[6.659,0.96]],"v":[[160.92,-43.33],[148.334,-32.801],[87.233,-35.173],[83.56,-35.929],[30.857,-52.102],[34.531,-90.945],[39.966,-90.09],[41.737,-89.48],[93.452,-65.091],[150.499,-57.133]],"c":true}]},{"i":{"x":0.667,"y":1},"o":{"x":0.167,"y":0},"t":17.143,"s":[{"i":[[-0.755,-6.685],[6.032,-1.326],[0,0],[1.195,0.108],[0,0],[0,0],[-1.832,-0.55],[-0.55,-0.183],[0,0],[0,0]],"o":[[0.744,6.254],[0,0],[-1.255,0.273],[0,0],[0,0],[1.771,0],[0.611,0.183],[0.061,0.061],[0,0],[6.685,-0.755]],"v":[[151.301,-61.066],[141.788,-47.695],[82.075,-34.532],[78.33,-34.334],[30.857,-52.102],[29.678,-90.83],[35.113,-89.975],[36.884,-89.364],[80.522,-65.05],[137.727,-71.783]],"c":true}]},{"i":{"x":0.667,"y":1},"o":{"x":0.167,"y":0},"t":28.571,"s":[{"i":[[-0.755,-6.685],[6.032,-1.326],[0,0],[1.195,0.108],[0,0],[0,0],[-1.832,-0.55],[-0.55,-0.183],[0,0],[0,0]],"o":[[0.744,6.254],[0,0],[-1.255,0.273],[0,0],[0,0],[1.771,0],[0.611,0.183],[0.061,0.061],[0,0],[6.685,-0.755]],"v":[[151.301,-61.066],[141.788,-47.695],[82.075,-34.532],[78.33,-34.334],[30.857,-52.102],[29.678,-90.83],[35.113,-89.975],[36.884,-89.364],[80.522,-65.05],[137.727,-71.783]],"c":true}]},{"i":{"x":0.667,"y":1},"o":{"x":0.167,"y":0},"t":45.714,"s":[{"i":[[-1.887,-6.458],[5.716,-2.338],[0,0],[1.196,-0.098],[0,0],[0,0],[-1.832,-0.55],[-0.55,-0.183],[0,0],[0,0]],"o":[[1.802,6.035],[0,0],[-1.189,0.484],[0,0],[0,0],[1.771,0],[0.611,0.183],[0.061,0.061],[0,0],[6.458,-1.887]],"v":[[142.753,-66.921],[135.665,-52.12],[72.572,-29.108],[68.916,-28.273],[30.857,-52.102],[29.678,-90.83],[35.113,-89.975],[36.884,-89.364],[74.327,-60.281],[127.547,-75.16]],"c":true}]},{"i":{"x":0.667,"y":1},"o":{"x":0.167,"y":0},"t":62.857,"s":[{"i":[[-1.887,-6.458],[5.716,-2.338],[0,0],[1.196,-0.098],[0,0],[0,0],[-1.832,-0.55],[-0.55,-0.183],[0,0],[0,0]],"o":[[1.802,6.035],[0,0],[-1.189,0.484],[0,0],[0,0],[1.771,0],[0.611,0.183],[0.061,0.061],[0,0],[6.458,-1.887]],"v":[[142.753,-66.921],[135.665,-52.12],[72.572,-29.108],[68.916,-28.273],[30.857,-52.102],[29.678,-90.83],[35.113,-89.975],[36.884,-89.364],[74.327,-60.281],[127.547,-75.16]],"c":true}]},{"i":{"x":0.667,"y":1},"o":{"x":0.167,"y":0},"t":80,"s":[{"i":[[0.96,-6.659],[6.171,0.243],[0,0],[1.129,0.407],[0,0],[0,0],[-1.832,-0.55],[-0.55,-0.183],[0,0],[0,0]],"o":[[-0.862,6.239],[0,0],[-1.283,-0.053],[0,0],[0,0],[1.771,0],[0.611,0.183],[0.061,0.061],[0,0],[6.659,0.96]],"v":[[160.92,-43.33],[148.334,-32.801],[87.233,-35.173],[83.56,-35.929],[30.857,-52.102],[34.531,-90.945],[39.966,-90.09],[41.737,-89.48],[93.452,-65.091],[150.499,-57.133]],"c":true}]},{"i":{"x":0.667,"y":1},"o":{"x":0.333,"y":0},"t":90,"s":[{"i":[[0.96,-6.659],[6.171,0.243],[0,0],[1.129,0.407],[0,0],[0,0],[-1.832,-0.55],[-0.55,-0.183],[0,0],[0,0]],"o":[[-0.862,6.239],[0,0],[-1.283,-0.053],[0,0],[0,0],[1.771,0],[0.611,0.183],[0.061,0.061],[0,0],[6.659,0.96]],"v":[[160.92,-43.33],[148.334,-32.801],[87.233,-35.173],[83.56,-35.929],[30.857,-52.102],[34.531,-90.945],[39.966,-90.09],[41.737,-89.48],[93.452,-65.091],[150.499,-57.133]],"c":true}]},{"i":{"x":0.667,"y":1},"o":{"x":0.167,"y":0},"t":107.143,"s":[{"i":[[-0.755,-6.685],[6.032,-1.326],[0,0],[1.195,0.108],[0,0],[0,0],[-1.832,-0.55],[-0.55,-0.183],[0,0],[0,0]],"o":[[0.744,6.254],[0,0],[-1.255,0.273],[0,0],[0,0],[1.771,0],[0.611,0.183],[0.061,0.061],[0,0],[6.685,-0.755]],"v":[[151.301,-61.066],[141.788,-47.695],[82.075,-34.532],[78.33,-34.334],[30.857,-52.102],[29.678,-90.83],[35.113,-89.975],[36.884,-89.364],[80.522,-65.05],[137.727,-71.783]],"c":true}]},{"i":{"x":0.667,"y":1},"o":{"x":0.167,"y":0},"t":118.571,"s":[{"i":[[-0.755,-6.685],[6.032,-1.326],[0,0],[1.195,0.108],[0,0],[0,0],[-1.832,-0.55],[-0.55,-0.183],[0,0],[0,0]],"o":[[0.744,6.254],[0,0],[-1.255,0.273],[0,0],[0,0],[1.771,0],[0.611,0.183],[0.061,0.061],[0,0],[6.685,-0.755]],"v":[[151.301,-61.066],[141.788,-47.695],[82.075,-34.532],[78.33,-34.334],[30.857,-52.102],[29.678,-90.83],[35.113,-89.975],[36.884,-89.364],[80.522,-65.05],[137.727,-71.783]],"c":true}]},{"i":{"x":0.667,"y":1},"o":{"x":0.167,"y":0},"t":135.714,"s":[{"i":[[-1.887,-6.458],[5.716,-2.338],[0,0],[1.196,-0.098],[0,0],[0,0],[-1.832,-0.55],[-0.55,-0.183],[0,0],[0,0]],"o":[[1.802,6.035],[0,0],[-1.189,0.484],[0,0],[0,0],[1.771,0],[0.611,0.183],[0.061,0.061],[0,0],[6.458,-1.887]],"v":[[142.753,-66.921],[135.665,-52.12],[72.572,-29.108],[68.916,-28.273],[30.857,-52.102],[29.678,-90.83],[35.113,-89.975],[36.884,-89.364],[74.327,-60.281],[127.547,-75.16]],"c":true}]},{"i":{"x":0.667,"y":1},"o":{"x":0.167,"y":0},"t":152.857,"s":[{"i":[[-1.887,-6.458],[5.716,-2.338],[0,0],[1.196,-0.098],[0,0],[0,0],[-1.832,-0.55],[-0.55,-0.183],[0,0],[0,0]],"o":[[1.802,6.035],[0,0],[-1.189,0.484],[0,0],[0,0],[1.771,0],[0.611,0.183],[0.061,0.061],[0,0],[6.458,-1.887]],"v":[[142.753,-66.921],[135.665,-52.12],[72.572,-29.108],[68.916,-28.273],[30.857,-52.102],[29.678,-90.83],[35.113,-89.975],[36.884,-89.364],[74.327,-60.281],[127.547,-75.16]],"c":true}]},{"t":170,"s":[{"i":[[0.96,-6.659],[6.171,0.243],[0,0],[1.129,0.407],[0,0],[0,0],[-1.832,-0.55],[-0.55,-0.183],[0,0],[0,0]],"o":[[-0.862,6.239],[0,0],[-1.283,-0.053],[0,0],[0,0],[1.771,0],[0.611,0.183],[0.061,0.061],[0,0],[6.659,0.96]],"v":[[160.92,-43.33],[148.334,-32.801],[87.233,-35.173],[83.56,-35.929],[30.857,-52.102],[34.531,-90.945],[39.966,-90.09],[41.737,-89.48],[93.452,-65.091],[150.499,-57.133]],"c":true}]}],"ix":2},"nm":"Path 1","mn":"ADBE Vector Shape - Group","hd":false},{"ty":"fl","c":{"a":0,"k":[0.184313729405,0.474509805441,0.941176474094,1],"ix":4},"o":{"a":0,"k":100,"ix":5},"r":1,"bm":0,"nm":"Fill 1","mn":"ADBE Vector Graphic - Fill","hd":false},{"ty":"tr","p":{"a":0,"k":[0,0],"ix":2},"a":{"a":0,"k":[0,0],"ix":1},"s":{"a":0,"k":[100,100],"ix":3},"r":{"a":0,"k":0,"ix":6},"o":{"a":0,"k":100,"ix":7},"sk":{"a":0,"k":0,"ix":4},"sa":{"a":0,"k":0,"ix":5},"nm":"Transform"}],"nm":"Group 3","np":2,"cix":2,"bm":0,"ix":1,"mn":"ADBE Vector Group","hd":false}],"ip":0,"op":180,"st":0,"ct":1,"bm":0},{"ddd":0,"ind":8,"ty":4,"nm":"r hand","parent":10,"sr":1,"ks":{"o":{"a":0,"k":100,"ix":11},"r":{"a":1,"k":[{"i":{"x":[0.833],"y":[1]},"o":{"x":[0.303],"y":[0]},"t":0,"s":[-18]},{"i":{"x":[0.833],"y":[1]},"o":{"x":[0.167],"y":[0]},"t":17.143,"s":[12]},{"i":{"x":[0.833],"y":[1]},"o":{"x":[0.167],"y":[0]},"t":28.571,"s":[12]},{"i":{"x":[0.833],"y":[1]},"o":{"x":[0.167],"y":[0]},"t":45.714,"s":[37]},{"i":{"x":[0.833],"y":[1]},"o":{"x":[0.167],"y":[0]},"t":51.429,"s":[37]},{"i":{"x":[0.833],"y":[1]},"o":{"x":[0.167],"y":[0]},"t":57.143,"s":[37]},{"i":{"x":[0.833],"y":[1]},"o":{"x":[0.167],"y":[0]},"t":62.857,"s":[37]},{"i":{"x":[0.833],"y":[1]},"o":{"x":[0.235],"y":[0]},"t":80,"s":[-18]},{"i":{"x":[0.833],"y":[1]},"o":{"x":[0.303],"y":[0]},"t":90,"s":[-18]},{"i":{"x":[0.833],"y":[1]},"o":{"x":[0.167],"y":[0]},"t":107.143,"s":[12]},{"i":{"x":[0.833],"y":[1]},"o":{"x":[0.167],"y":[0]},"t":118.571,"s":[12]},{"i":{"x":[0.833],"y":[1]},"o":{"x":[0.167],"y":[0]},"t":135.714,"s":[37]},{"i":{"x":[0.833],"y":[1]},"o":{"x":[0.167],"y":[0]},"t":141.429,"s":[37]},{"i":{"x":[0.833],"y":[1]},"o":{"x":[0.167],"y":[0]},"t":147.143,"s":[37]},{"i":{"x":[0.833],"y":[1]},"o":{"x":[0.167],"y":[0]},"t":152.857,"s":[37]},{"t":170,"s":[-18]}],"ix":10},"p":{"a":0,"k":[-42.648,-89.039,0],"ix":2,"l":2},"a":{"a":0,"k":[-42.648,-89.039,0],"ix":1,"l":2},"s":{"a":0,"k":[100,100,100],"ix":6,"l":2}},"ao":0,"shapes":[{"ty":"gr","it":[{"ty":"fl","c":{"a":0,"k":[0.04705882445,0.215686276555,0.596078455448,1],"ix":4},"o":{"a":0,"k":100,"ix":5},"r":1,"bm":0,"nm":"Fill 1","mn":"ADBE Vector Graphic - Fill","hd":false},{"ty":"tr","p":{"a":0,"k":[0,0],"ix":2},"a":{"a":0,"k":[0,0],"ix":1},"s":{"a":0,"k":[100,100],"ix":3},"r":{"a":0,"k":0,"ix":6},"o":{"a":0,"k":100,"ix":7},"sk":{"a":0,"k":0,"ix":4},"sa":{"a":0,"k":0,"ix":5},"nm":"Transform"}],"nm":"Group 1","np":1,"cix":2,"bm":0,"ix":1,"mn":"ADBE Vector Group","hd":false},{"ty":"gr","it":[{"ind":0,"ty":"sh","ix":1,"ks":{"a":1,"k":[{"i":{"x":0.833,"y":0.854},"o":{"x":0.333,"y":0},"t":0,"s":[{"i":[[0,0],[0,0],[3.474,-1.856],[0,0],[3.11,5.957],[-5.229,3.394],[0,0],[0,0],[-2.504,0.977],[-2.321,0]],"o":[[0,0],[-6.408,3.234],[0,0],[-6.016,3.128],[-2.966,-5.681],[0,0],[0,0],[1.954,-2.137],[2.138,-0.916],[0,0]],"v":[[-43.745,-44.854],[-75.32,-25.946],[-85.612,-19.243],[-142.417,12.746],[-158.875,7.548],[-154.645,-8.375],[-104.41,-40.569],[-58.209,-84.338],[-51.43,-88.98],[-42.012,-89.287]],"c":true}]},{"i":{"x":0.833,"y":0.854},"o":{"x":0.167,"y":0.146},"t":17.143,"s":[{"i":[[0,0],[0,0],[3.102,0.115],[0,0],[0.241,6.715],[-6.181,0.811],[0,0],[0,0],[-2.504,0.977],[-2.321,0]],"o":[[0,0],[-5.972,2.625],[0,0],[-6.776,0.232],[-0.23,-6.404],[0,0],[0,0],[1.954,-2.137],[2.138,-0.916],[0,0]],"v":[[-40.391,-47.206],[-79.272,-20.506],[-90.557,-18.354],[-155.6,-13.953],[-168.214,-25.733],[-157.538,-38.281],[-98.335,-45.698],[-58.209,-84.338],[-51.43,-88.98],[-42.012,-89.287]],"c":true}]},{"i":{"x":0.833,"y":0.854},"o":{"x":0.167,"y":0.146},"t":28.571,"s":[{"i":[[0,0],[0,0],[3.102,0.115],[0,0],[0.241,6.715],[-6.181,0.811],[0,0],[0,0],[-2.504,0.977],[-2.321,0]],"o":[[0,0],[-5.972,2.625],[0,0],[-6.776,0.232],[-0.23,-6.404],[0,0],[0,0],[1.954,-2.137],[2.138,-0.916],[0,0]],"v":[[-40.391,-47.206],[-79.272,-20.506],[-90.557,-18.354],[-155.6,-13.953],[-168.214,-25.733],[-157.538,-38.281],[-98.335,-45.698],[-58.209,-84.338],[-51.43,-88.98],[-42.012,-89.287]],"c":true}]},{"i":{"x":0.833,"y":1},"o":{"x":0.167,"y":0.146},"t":45.714,"s":[{"i":[[0,0],[0,0],[1.584,2.669],[0,0],[-5.513,3.841],[-4.031,-4.756],[0,0],[0,0],[-1.234,0.569],[-2.321,0]],"o":[[0,0],[-5.442,-3.597],[0,0],[-3.867,-5.57],[5.258,-3.663],[0,0],[0,0],[1.988,-1.571],[2.138,-0.916],[0,0]],"v":[[-26.023,-56.57],[-98.881,-16.882],[-106.804,-25.201],[-145.749,-77.482],[-142.684,-94.467],[-126.352,-92.294],[-93.047,-54.61],[-56.608,-81.661],[-49.579,-86.694],[-42.012,-89.287]],"c":true}]},{"i":{"x":0.833,"y":0.854},"o":{"x":0.167,"y":0},"t":51.429,"s":[{"i":[[0,0],[0,0],[1.584,2.669],[0,0],[-5.513,3.841],[-4.031,-4.756],[0,0],[0,0],[-1.234,0.569],[-2.321,0]],"o":[[0,0],[-5.616,-0.516],[0,0],[-3.867,-5.57],[5.258,-3.663],[0,0],[0,0],[1.988,-1.571],[2.138,-0.916],[0,0]],"v":[[-26.023,-56.57],[-88.7,-12.79],[-99.586,-20.482],[-136.887,-70.277],[-133.821,-87.262],[-117.49,-85.089],[-87.462,-50.81],[-56.333,-81.12],[-49.304,-86.154],[-42.012,-89.287]],"c":true}]},{"i":{"x":0.833,"y":0.854},"o":{"x":0.167,"y":0.146},"t":57.143,"s":[{"i":[[0,0],[0,0],[1.584,2.669],[0,0],[-5.513,3.841],[-4.031,-4.756],[0,0],[0,0],[-1.234,0.569],[-2.321,0]],"o":[[0,0],[-5.442,-3.597],[0,0],[-3.867,-5.57],[5.258,-3.663],[0,0],[0,0],[1.988,-1.571],[2.138,-0.916],[0,0]],"v":[[-26.023,-56.57],[-98.881,-16.882],[-106.804,-25.201],[-145.749,-77.482],[-142.684,-94.467],[-126.352,-92.294],[-93.047,-54.61],[-56.608,-81.661],[-49.579,-86.694],[-42.012,-89.287]],"c":true}]},{"i":{"x":0.833,"y":1},"o":{"x":0.167,"y":0.146},"t":62.857,"s":[{"i":[[0,0],[0,0],[1.584,2.669],[0,0],[-5.513,3.841],[-4.031,-4.756],[0,0],[0,0],[-1.234,0.569],[-2.321,0]],"o":[[0,0],[-5.442,-3.597],[0,0],[-3.867,-5.57],[5.258,-3.663],[0,0],[0,0],[1.988,-1.571],[2.138,-0.916],[0,0]],"v":[[-26.023,-56.57],[-98.881,-16.882],[-106.804,-25.201],[-145.749,-77.482],[-142.684,-94.467],[-126.352,-92.294],[-93.047,-54.61],[-56.608,-81.661],[-49.579,-86.694],[-42.012,-89.287]],"c":true}]},{"i":{"x":0.833,"y":1},"o":{"x":0.167,"y":0},"t":80,"s":[{"i":[[0,0],[0,0],[3.474,-1.856],[0,0],[3.11,5.957],[-5.229,3.394],[0,0],[0,0],[-2.504,0.977],[-2.321,0]],"o":[[0,0],[-6.408,3.234],[0,0],[-6.016,3.128],[-2.966,-5.681],[0,0],[0,0],[1.954,-2.137],[2.138,-0.916],[0,0]],"v":[[-43.745,-44.854],[-75.32,-25.946],[-85.612,-19.243],[-142.417,12.746],[-158.875,7.548],[-154.645,-8.375],[-104.41,-40.569],[-58.209,-84.338],[-51.43,-88.98],[-42.012,-89.287]],"c":true}]},{"i":{"x":0.833,"y":0.854},"o":{"x":0.333,"y":0},"t":90,"s":[{"i":[[0,0],[0,0],[3.474,-1.856],[0,0],[3.11,5.957],[-5.229,3.394],[0,0],[0,0],[-2.504,0.977],[-2.321,0]],"o":[[0,0],[-6.408,3.234],[0,0],[-6.016,3.128],[-2.966,-5.681],[0,0],[0,0],[1.954,-2.137],[2.138,-0.916],[0,0]],"v":[[-43.745,-44.854],[-75.32,-25.946],[-85.612,-19.243],[-142.417,12.746],[-158.875,7.548],[-154.645,-8.375],[-104.41,-40.569],[-58.209,-84.338],[-51.43,-88.98],[-42.012,-89.287]],"c":true}]},{"i":{"x":0.833,"y":0.854},"o":{"x":0.167,"y":0.146},"t":107.143,"s":[{"i":[[0,0],[0,0],[3.102,0.115],[0,0],[0.241,6.715],[-6.181,0.811],[0,0],[0,0],[-2.504,0.977],[-2.321,0]],"o":[[0,0],[-5.972,2.625],[0,0],[-6.776,0.232],[-0.23,-6.404],[0,0],[0,0],[1.954,-2.137],[2.138,-0.916],[0,0]],"v":[[-40.391,-47.206],[-79.272,-20.506],[-90.557,-18.354],[-155.6,-13.953],[-168.214,-25.733],[-157.538,-38.281],[-98.335,-45.698],[-58.209,-84.338],[-51.43,-88.98],[-42.012,-89.287]],"c":true}]},{"i":{"x":0.833,"y":0.854},"o":{"x":0.167,"y":0.146},"t":118.571,"s":[{"i":[[0,0],[0,0],[3.102,0.115],[0,0],[0.241,6.715],[-6.181,0.811],[0,0],[0,0],[-2.504,0.977],[-2.321,0]],"o":[[0,0],[-5.972,2.625],[0,0],[-6.776,0.232],[-0.23,-6.404],[0,0],[0,0],[1.954,-2.137],[2.138,-0.916],[0,0]],"v":[[-40.391,-47.206],[-79.272,-20.506],[-90.557,-18.354],[-155.6,-13.953],[-168.214,-25.733],[-157.538,-38.281],[-98.335,-45.698],[-58.209,-84.338],[-51.43,-88.98],[-42.012,-89.287]],"c":true}]},{"i":{"x":0.833,"y":1},"o":{"x":0.167,"y":0.146},"t":135.714,"s":[{"i":[[0,0],[0,0],[1.584,2.669],[0,0],[-5.513,3.841],[-4.031,-4.756],[0,0],[0,0],[-1.234,0.569],[-2.321,0]],"o":[[0,0],[-5.442,-3.597],[0,0],[-3.867,-5.57],[5.258,-3.663],[0,0],[0,0],[1.988,-1.571],[2.138,-0.916],[0,0]],"v":[[-26.023,-56.57],[-98.881,-16.882],[-106.804,-25.201],[-145.749,-77.482],[-142.684,-94.467],[-126.352,-92.294],[-93.047,-54.61],[-56.608,-81.661],[-49.579,-86.694],[-42.012,-89.287]],"c":true}]},{"i":{"x":0.833,"y":0.854},"o":{"x":0.167,"y":0},"t":141.429,"s":[{"i":[[0,0],[0,0],[1.584,2.669],[0,0],[-5.513,3.841],[-4.031,-4.756],[0,0],[0,0],[-1.234,0.569],[-2.321,0]],"o":[[0,0],[-5.616,-0.516],[0,0],[-3.867,-5.57],[5.258,-3.663],[0,0],[0,0],[1.988,-1.571],[2.138,-0.916],[0,0]],"v":[[-26.023,-56.57],[-88.7,-12.79],[-99.586,-20.482],[-136.887,-70.277],[-133.821,-87.262],[-117.49,-85.089],[-87.462,-50.81],[-56.333,-81.12],[-49.304,-86.154],[-42.012,-89.287]],"c":true}]},{"i":{"x":0.833,"y":0.854},"o":{"x":0.167,"y":0.146},"t":147.143,"s":[{"i":[[0,0],[0,0],[1.584,2.669],[0,0],[-5.513,3.841],[-4.031,-4.756],[0,0],[0,0],[-1.234,0.569],[-2.321,0]],"o":[[0,0],[-5.442,-3.597],[0,0],[-3.867,-5.57],[5.258,-3.663],[0,0],[0,0],[1.988,-1.571],[2.138,-0.916],[0,0]],"v":[[-26.023,-56.57],[-98.881,-16.882],[-106.804,-25.201],[-145.749,-77.482],[-142.684,-94.467],[-126.352,-92.294],[-93.047,-54.61],[-56.608,-81.661],[-49.579,-86.694],[-42.012,-89.287]],"c":true}]},{"i":{"x":0.833,"y":1},"o":{"x":0.167,"y":0.146},"t":152.857,"s":[{"i":[[0,0],[0,0],[1.584,2.669],[0,0],[-5.513,3.841],[-4.031,-4.756],[0,0],[0,0],[-1.234,0.569],[-2.321,0]],"o":[[0,0],[-5.442,-3.597],[0,0],[-3.867,-5.57],[5.258,-3.663],[0,0],[0,0],[1.988,-1.571],[2.138,-0.916],[0,0]],"v":[[-26.023,-56.57],[-98.881,-16.882],[-106.804,-25.201],[-145.749,-77.482],[-142.684,-94.467],[-126.352,-92.294],[-93.047,-54.61],[-56.608,-81.661],[-49.579,-86.694],[-42.012,-89.287]],"c":true}]},{"t":170,"s":[{"i":[[0,0],[0,0],[3.474,-1.856],[0,0],[3.11,5.957],[-5.229,3.394],[0,0],[0,0],[-2.504,0.977],[-2.321,0]],"o":[[0,0],[-6.408,3.234],[0,0],[-6.016,3.128],[-2.966,-5.681],[0,0],[0,0],[1.954,-2.137],[2.138,-0.916],[0,0]],"v":[[-43.745,-44.854],[-75.32,-25.946],[-85.612,-19.243],[-142.417,12.746],[-158.875,7.548],[-154.645,-8.375],[-104.41,-40.569],[-58.209,-84.338],[-51.43,-88.98],[-42.012,-89.287]],"c":true}]}],"ix":2},"nm":"Path 1","mn":"ADBE Vector Shape - Group","hd":false},{"ty":"fl","c":{"a":0,"k":[0.184313729405,0.474509805441,0.941176474094,1],"ix":4},"o":{"a":0,"k":100,"ix":5},"r":1,"bm":0,"nm":"Fill 1","mn":"ADBE Vector Graphic - Fill","hd":false},{"ty":"tr","p":{"a":0,"k":[0,0],"ix":2},"a":{"a":0,"k":[0,0],"ix":1},"s":{"a":0,"k":[100,100],"ix":3},"r":{"a":0,"k":0,"ix":6},"o":{"a":0,"k":100,"ix":7},"sk":{"a":0,"k":0,"ix":4},"sa":{"a":0,"k":0,"ix":5},"nm":"Transform"}],"nm":"Group 3","np":2,"cix":2,"bm":0,"ix":2,"mn":"ADBE Vector Group","hd":false}],"ip":0,"op":180,"st":0,"ct":1,"bm":0},{"ddd":0,"ind":9,"ty":1,"nm":"Null 1","sr":1,"ks":{"o":{"a":0,"k":0,"ix":11},"r":{"a":0,"k":0,"ix":10},"p":{"a":0,"k":[177.234,330.228,0],"ix":2,"l":2},"a":{"a":0,"k":[50,50,0],"ix":1,"l":2},"s":{"a":0,"k":[85,85,100],"ix":6,"l":2}},"ao":0,"sw":100,"sh":100,"sc":"#ffffff","ip":0,"op":180,"st":0,"bm":0},{"ddd":0,"ind":10,"ty":4,"nm":"body","parent":9,"sr":1,"ks":{"o":{"a":0,"k":100,"ix":11},"r":{"a":1,"k":[{"i":{"x":[0.667],"y":[1]},"o":{"x":[0.333],"y":[0]},"t":0,"s":[-1]},{"i":{"x":[0.667],"y":[1]},"o":{"x":[0.167],"y":[0]},"t":17.143,"s":[2]},{"i":{"x":[0.667],"y":[1]},"o":{"x":[0.167],"y":[0]},"t":28.571,"s":[2]},{"i":{"x":[0.667],"y":[1]},"o":{"x":[0.167],"y":[0]},"t":45.714,"s":[4]},{"i":{"x":[0.667],"y":[1]},"o":{"x":[0.167],"y":[0]},"t":62.857,"s":[4]},{"i":{"x":[0.667],"y":[1]},"o":{"x":[0.235],"y":[0]},"t":80,"s":[-1]},{"i":{"x":[0.667],"y":[1]},"o":{"x":[0.333],"y":[0]},"t":90,"s":[-1]},{"i":{"x":[0.667],"y":[1]},"o":{"x":[0.167],"y":[0]},"t":107.143,"s":[2]},{"i":{"x":[0.667],"y":[1]},"o":{"x":[0.167],"y":[0]},"t":118.571,"s":[2]},{"i":{"x":[0.667],"y":[1]},"o":{"x":[0.167],"y":[0]},"t":135.714,"s":[4]},{"i":{"x":[0.667],"y":[1]},"o":{"x":[0.167],"y":[0]},"t":152.857,"s":[4]},{"t":170,"s":[-1]}],"ix":10},"p":{"a":1,"k":[{"i":{"x":0.667,"y":1},"o":{"x":0.172,"y":0},"t":0,"s":[50.411,53.931,0],"to":[0,0,0],"ti":[0,0,0]},{"i":{"x":0.667,"y":1},"o":{"x":0.333,"y":0},"t":8.091,"s":[50.411,55.931,0],"to":[0,0,0],"ti":[0,0,0]},{"i":{"x":0.667,"y":0.667},"o":{"x":0.167,"y":0.167},"t":17.143,"s":[50.411,53.931,0],"to":[0,0,0],"ti":[0,0,0]},{"i":{"x":0.667,"y":0.667},"o":{"x":0.185,"y":0.185},"t":28.571,"s":[50.411,53.931,0],"to":[0,0,0],"ti":[0,0,0]},{"i":{"x":0.667,"y":0.667},"o":{"x":0.167,"y":0.167},"t":45.714,"s":[50.411,53.931,0],"to":[0,0,0],"ti":[0,0,0]},{"i":{"x":0.667,"y":1},"o":{"x":0.182,"y":0},"t":62.857,"s":[50.411,53.931,0],"to":[0,0,0],"ti":[0,0,0]},{"i":{"x":0.703,"y":1},"o":{"x":0.333,"y":0},"t":72,"s":[50.411,55.931,0],"to":[0,0,0],"ti":[0,0,0]},{"i":{"x":0.667,"y":0.667},"o":{"x":0.209,"y":0.209},"t":80,"s":[50.411,53.931,0],"to":[0,0,0],"ti":[0,0,0]},{"i":{"x":0.667,"y":1},"o":{"x":0.172,"y":0},"t":90,"s":[50.411,53.931,0],"to":[0,0,0],"ti":[0,0,0]},{"i":{"x":0.667,"y":1},"o":{"x":0.333,"y":0},"t":98.091,"s":[50.411,55.931,0],"to":[0,0,0],"ti":[0,0,0]},{"i":{"x":0.667,"y":0.667},"o":{"x":0.167,"y":0.167},"t":107.143,"s":[50.411,53.931,0],"to":[0,0,0],"ti":[0,0,0]},{"i":{"x":0.667,"y":0.667},"o":{"x":0.185,"y":0.185},"t":118.571,"s":[50.411,53.931,0],"to":[0,0,0],"ti":[0,0,0]},{"i":{"x":0.667,"y":0.667},"o":{"x":0.167,"y":0.167},"t":135.714,"s":[50.411,53.931,0],"to":[0,0,0],"ti":[0,0,0]},{"i":{"x":0.667,"y":1},"o":{"x":0.182,"y":0},"t":152.857,"s":[50.411,53.931,0],"to":[0,0,0],"ti":[0,0,0]},{"i":{"x":0.703,"y":1},"o":{"x":0.333,"y":0},"t":162,"s":[50.411,55.931,0],"to":[0,0,0],"ti":[0,0,0]},{"t":170,"s":[50.411,53.931,0]}],"ix":2,"l":2},"a":{"a":0,"k":[-5.855,73.159,0],"ix":1,"l":2},"s":{"a":0,"k":[100,100,100],"ix":6,"l":2}},"ao":0,"shapes":[{"ty":"gr","it":[{"ind":0,"ty":"sh","ix":1,"ks":{"a":0,"k":{"i":[[0,0],[0,0],[0,0],[0,0],[0,0],[0,0],[0,0],[-2.504,0.977],[-2.321,0],[0,0],[-16.325,0.09],[0,0],[0,0],[-1.832,-0.55],[-0.55,-0.183]],"o":[[0,0],[0,0],[0,0],[0,0],[0,0],[0,0],[1.954,-2.137],[2.138,-0.916],[0,0],[0,0],[18.382,-0.102],[0,0],[1.771,0],[0.611,0.183],[0.061,0.061]],"v":[[38.357,-49.102],[43.126,74.39],[0.249,75.604],[-12.21,75.604],[-54.837,73.64],[-50.745,-38.354],[-51.82,-86.052],[-48.791,-87.944],[-42.012,-89.287],[-36.516,-89.287],[-5.91,-89.529],[24.555,-89.287],[29.624,-89.287],[35.059,-88.432],[36.83,-87.821]],"c":true},"ix":2},"nm":"Path 1","mn":"ADBE Vector Shape - Group","hd":false},{"ty":"fl","c":{"a":0,"k":[0.184313729405,0.474509805441,0.941176474094,1],"ix":4},"o":{"a":0,"k":100,"ix":5},"r":1,"bm":0,"nm":"Fill 1","mn":"ADBE Vector Graphic - Fill","hd":false},{"ty":"tr","p":{"a":0,"k":[0,0],"ix":2},"a":{"a":0,"k":[0,0],"ix":1},"s":{"a":0,"k":[100,100],"ix":3},"r":{"a":0,"k":0,"ix":6},"o":{"a":0,"k":100,"ix":7},"sk":{"a":0,"k":0,"ix":4},"sa":{"a":0,"k":0,"ix":5},"nm":"Transform"}],"nm":"Group 3","np":2,"cix":2,"bm":0,"ix":1,"mn":"ADBE Vector Group","hd":false}],"ip":0,"op":180,"st":0,"ct":1,"bm":0},{"ddd":0,"ind":11,"ty":4,"nm":"r leg","parent":9,"sr":1,"ks":{"o":{"a":0,"k":100,"ix":11},"r":{"a":1,"k":[{"i":{"x":[0.667],"y":[1]},"o":{"x":[0.333],"y":[0]},"t":0,"s":[0]},{"i":{"x":[0.667],"y":[1]},"o":{"x":[0.167],"y":[0]},"t":17.143,"s":[5]},{"i":{"x":[0.667],"y":[1]},"o":{"x":[0.167],"y":[0]},"t":28.571,"s":[5]},{"i":{"x":[0.667],"y":[1]},"o":{"x":[0.167],"y":[0]},"t":45.714,"s":[5]},{"i":{"x":[0.667],"y":[1]},"o":{"x":[0.167],"y":[0]},"t":62.857,"s":[5]},{"i":{"x":[0.667],"y":[1]},"o":{"x":[0.235],"y":[0]},"t":80,"s":[0]},{"i":{"x":[0.667],"y":[1]},"o":{"x":[0.333],"y":[0]},"t":90,"s":[0]},{"i":{"x":[0.667],"y":[1]},"o":{"x":[0.167],"y":[0]},"t":107.143,"s":[5]},{"i":{"x":[0.667],"y":[1]},"o":{"x":[0.167],"y":[0]},"t":118.571,"s":[5]},{"i":{"x":[0.667],"y":[1]},"o":{"x":[0.167],"y":[0]},"t":135.714,"s":[5]},{"i":{"x":[0.667],"y":[1]},"o":{"x":[0.167],"y":[0]},"t":152.857,"s":[5]},{"t":170,"s":[0]}],"ix":10},"p":{"a":0,"k":[23.796,46.069,0],"ix":2,"l":2},"a":{"a":0,"k":[-32.47,65.297,0],"ix":1,"l":2},"s":{"a":0,"k":[100,100,100],"ix":6,"l":2}},"ao":0,"shapes":[{"ty":"gr","it":[{"ind":0,"ty":"sh","ix":1,"ks":{"a":0,"k":{"i":[[0,0],[0,0],[10.138,0.55],[0,9.649],[0,0]],"o":[[0,0],[-0.55,10.138],[-9.772,-0.55],[0,0],[0,0]],"v":[[-12.71,64.104],[-18.195,186.508],[-37.493,203.852],[-54.837,185.531],[-54.337,62.64]],"c":true},"ix":2},"nm":"Path 1","mn":"ADBE Vector Shape - Group","hd":false},{"ty":"fl","c":{"a":0,"k":[0.184313729405,0.474509805441,0.941176474094,1],"ix":4},"o":{"a":0,"k":100,"ix":5},"r":1,"bm":0,"nm":"Fill 1","mn":"ADBE Vector Graphic - Fill","hd":false},{"ty":"tr","p":{"a":0,"k":[0,0],"ix":2},"a":{"a":0,"k":[0,0],"ix":1},"s":{"a":0,"k":[100,100],"ix":3},"r":{"a":0,"k":0,"ix":6},"o":{"a":0,"k":100,"ix":7},"sk":{"a":0,"k":0,"ix":4},"sa":{"a":0,"k":0,"ix":5},"nm":"Transform"}],"nm":"Group 3","np":2,"cix":2,"bm":0,"ix":1,"mn":"ADBE Vector Group","hd":false}],"ip":0,"op":180,"st":0,"ct":1,"bm":0},{"ddd":0,"ind":12,"ty":4,"nm":"l leg","parent":9,"sr":1,"ks":{"o":{"a":0,"k":100,"ix":11},"r":{"a":0,"k":0,"ix":10},"p":{"a":0,"k":[76.204,51.376,0],"ix":2,"l":2},"a":{"a":0,"k":[19.937,70.603,0],"ix":1,"l":2},"s":{"a":0,"k":[100,100,100],"ix":6,"l":2}},"ao":0,"shapes":[{"ty":"gr","it":[{"ty":"fl","c":{"a":0,"k":[0.04705882445,0.215686276555,0.596078455448,1],"ix":4},"o":{"a":0,"k":100,"ix":5},"r":1,"bm":0,"nm":"Fill 1","mn":"ADBE Vector Graphic - Fill","hd":false},{"ty":"tr","p":{"a":0,"k":[0,0],"ix":2},"a":{"a":0,"k":[0,0],"ix":1},"s":{"a":0,"k":[100,100],"ix":3},"r":{"a":0,"k":0,"ix":6},"o":{"a":0,"k":100,"ix":7},"sk":{"a":0,"k":0,"ix":4},"sa":{"a":0,"k":0,"ix":5},"nm":"Transform"}],"nm":"Group 1","np":1,"cix":2,"bm":0,"ix":1,"mn":"ADBE Vector Group","hd":false},{"ty":"gr","it":[{"ty":"fl","c":{"a":0,"k":[1,0.996078431606,1,1],"ix":4},"o":{"a":0,"k":100,"ix":5},"r":1,"bm":0,"nm":"Fill 1","mn":"ADBE Vector Graphic - Fill","hd":false},{"ty":"tr","p":{"a":0,"k":[0,0],"ix":2},"a":{"a":0,"k":[0,0],"ix":1},"s":{"a":0,"k":[100,100],"ix":3},"r":{"a":0,"k":0,"ix":6},"o":{"a":0,"k":100,"ix":7},"sk":{"a":0,"k":0,"ix":4},"sa":{"a":0,"k":0,"ix":5},"nm":"Transform"}],"nm":"Group 2","np":1,"cix":2,"bm":0,"ix":2,"mn":"ADBE Vector Group","hd":false},{"ty":"gr","it":[{"ind":0,"ty":"sh","ix":1,"ks":{"a":0,"k":{"i":[[0,0],[0,0],[10.138,0],[0.55,9.649],[0,0]],"o":[[0,0],[0,10.138],[-9.771,0],[0,0],[0,0]],"v":[[42.876,63.39],[42.876,185.531],[24.555,203.852],[6.234,186.508],[-1.001,63.354]],"c":true},"ix":2},"nm":"Path 1","mn":"ADBE Vector Shape - Group","hd":false},{"ty":"fl","c":{"a":0,"k":[0.184313729405,0.474509805441,0.941176474094,1],"ix":4},"o":{"a":0,"k":100,"ix":5},"r":1,"bm":0,"nm":"Fill 1","mn":"ADBE Vector Graphic - Fill","hd":false},{"ty":"tr","p":{"a":0,"k":[0,0],"ix":2},"a":{"a":0,"k":[0,0],"ix":1},"s":{"a":0,"k":[100,100],"ix":3},"r":{"a":0,"k":0,"ix":6},"o":{"a":0,"k":100,"ix":7},"sk":{"a":0,"k":0,"ix":4},"sa":{"a":0,"k":0,"ix":5},"nm":"Transform"}],"nm":"Group 3","np":2,"cix":2,"bm":0,"ix":3,"mn":"ADBE Vector Group","hd":false}],"ip":0,"op":180,"st":0,"ct":1,"bm":0}],"markers":[]}