{"nm":"Comp 1","mn":"","layers":[{"ty":3,"nm":"Null 1","mn":"","sr":1,"st":0,"op":121,"ip":0,"hd":false,"cl":"","ln":"","ddd":0,"bm":0,"hasMask":false,"ao":0,"ks":{"a":{"a":0,"k":[0,0,0],"ix":1},"s":{"a":0,"k":[100,100,100],"ix":6},"sk":{"a":0,"k":0},"p":{"a":1,"k":[{"o":{"x":0.333,"y":0},"i":{"x":0.667,"y":1},"s":[250,245,0],"t":0,"ti":null,"to":null},{"o":{"x":0.333,"y":0},"i":{"x":0.667,"y":1},"s":[250,255,0],"t":60,"ti":null,"to":null},{"o":{"x":0.167,"y":0.167},"i":{"x":0.833,"y":0.833},"s":[250,245,0],"t":120}],"ix":2},"r":{"a":0,"k":0,"ix":10},"sa":{"a":0,"k":0},"o":{"a":0,"k":0,"ix":11}},"ef":[],"ind":1,"completed":true},{"ty":4,"nm":"face","mn":"","sr":1,"st":0,"op":121,"ip":0,"hd":false,"cl":"","ln":"","ddd":0,"bm":0,"hasMask":false,"ao":0,"ks":{"a":{"a":0,"k":[250,250,0],"ix":1},"s":{"a":0,"k":[100,100,100],"ix":6},"sk":{"a":0,"k":0},"p":{"a":1,"k":[{"o":{"x":0.748,"y":0},"i":{"x":0.667,"y":1},"s":[0,0,0],"t":30,"ti":null,"to":null},{"o":{"x":0.178,"y":0},"i":{"x":0.352,"y":1},"s":[8,0,0],"t":45,"ti":null,"to":null},{"o":{"x":0.077,"y":0},"i":{"x":0.491,"y":1},"s":[-8,0,0],"t":60,"ti":null,"to":null},{"o":{"x":0.333,"y":0},"i":{"x":0.491,"y":1},"s":[3,0,0],"t":73,"ti":null,"to":null},{"o":{"x":0.167,"y":0.167},"i":{"x":0.833,"y":0.833},"s":[0,0,0],"t":84}],"ix":2},"r":{"a":0,"k":0,"ix":10},"sa":{"a":0,"k":0},"o":{"a":0,"k":100,"ix":11}},"ef":[],"shapes":[{"ty":"gr","bm":0,"cl":"","ln":"","hd":false,"mn":"ADBE Vector Group","nm":"Group 1","ix":1,"cix":2,"np":1,"it":[{"ty":"gr","bm":0,"cl":"","ln":"","hd":false,"mn":"ADBE Vector Group","nm":"Group 1","ix":1,"cix":2,"np":2,"it":[{"ty":"sh","bm":0,"cl":"","ln":"","hd":false,"mn":"ADBE Vector Shape - Group","nm":"Path 1","ix":1,"d":1,"ks":{"a":0,"k":{"c":true,"i":[[-29.748,9.847],[-33.61,9.173],[-35.608000000000004,2.839],[-11.633,-9.847],[23.723,-6.4079999999999995],[36.093,4.497],[30.237000000000002,9.395],[10.568,-0.396],[-19.552,2.833000000000001]],"o":[[-32.172,9.847],[-36.073,5.795],[-23.490000000000002,-5.991999999999999],[12.458,-9.847],[35.523999999999994,1.559],[33.175000000000004,8.823],[20.002000000000002,2.484],[-9.62,-0.396],[-28.774,9.553]],"v":[[-30.712,9.847],[-34.536,7.904],[-33.499,1.302],[0.788,-9.847],[33.361,0.099],[34.633,6.66],[28.073,7.932],[0.788,-0.396],[-27.934,8.941]]},"ix":2},"_render":true},{"ty":"fl","bm":0,"cl":"","ln":"","hd":false,"mn":"ADBE Vector Graphic - Fill","nm":"Fill 1","c":{"a":0,"k":[0.5294,0.0941,0.2667,1],"ix":4},"r":1,"o":{"a":0,"k":100,"ix":5},"_render":true},{"ty":"tr","a":{"a":0,"k":[0,0],"ix":1},"s":{"a":0,"k":[100,100],"ix":3},"sk":{"a":0,"k":0,"ix":4},"p":{"a":0,"k":[0,0],"ix":2},"r":{"a":0,"k":0,"ix":6},"sa":{"a":0,"k":0,"ix":5},"o":{"a":0,"k":100,"ix":7},"_render":true}],"_render":true},{"ty":"tr","a":{"a":0,"k":[0,0],"ix":1},"s":{"a":0,"k":[100,100],"ix":3},"sk":{"a":0,"k":0,"ix":4},"p":{"a":0,"k":[250,273.902],"ix":2},"r":{"a":0,"k":0,"ix":6},"sa":{"a":0,"k":0,"ix":5},"o":{"a":0,"k":100,"ix":7},"_render":true}],"_render":true},{"ty":"gr","bm":0,"cl":"","ln":"","hd":false,"mn":"ADBE Vector Group","nm":"Group 2","ix":2,"cix":2,"np":2,"it":[{"ty":"gr","bm":0,"cl":"","ln":"","hd":false,"mn":"ADBE Vector Group","nm":"Group 1","ix":1,"cix":2,"np":2,"it":[{"ty":"sh","bm":0,"cl":"","ln":"","hd":false,"mn":"ADBE Vector Shape - Group","nm":"Path 1","ix":1,"d":1,"ks":{"a":0,"k":{"c":true,"i":[[9.451,-5.22],[5.22,9.451],[-9.451,5.22],[-5.22,-9.451]],"o":[[9.451,5.22],[-5.22,9.451],[-9.451,-5.22],[5.22,-9.451]],"v":[[9.451,0],[0,9.451],[-9.451,0],[0,-9.451]]},"ix":2},"_render":true},{"ty":"fl","bm":0,"cl":"","ln":"","hd":false,"mn":"ADBE Vector Graphic - Fill","nm":"Fill 1","c":{"a":0,"k":[0.5294,0.0941,0.2667,1],"ix":4},"r":1,"o":{"a":0,"k":100,"ix":5},"_render":true},{"ty":"tr","a":{"a":0,"k":[0,0],"ix":1},"s":{"a":0,"k":[100,100],"ix":3},"sk":{"a":0,"k":0,"ix":4},"p":{"a":0,"k":[212.197,225.702],"ix":2},"r":{"a":0,"k":0,"ix":6},"sa":{"a":0,"k":0,"ix":5},"o":{"a":0,"k":100,"ix":7},"_render":true}],"_render":true},{"ty":"gr","bm":0,"cl":"","ln":"","hd":false,"mn":"ADBE Vector Group","nm":"Group 2","ix":2,"cix":2,"np":2,"it":[{"ty":"sh","bm":0,"cl":"","ln":"","hd":false,"mn":"ADBE Vector Shape - Group","nm":"Path 1","ix":1,"d":1,"ks":{"a":0,"k":{"c":true,"i":[[9.451,-5.22],[5.22,9.451],[-9.451,5.22],[-5.22,-9.451]],"o":[[9.451,5.22],[-5.22,9.451],[-9.451,-5.22],[5.22,-9.451]],"v":[[9.451,0],[0,9.451],[-9.451,0],[0,-9.451]]},"ix":2},"_render":true},{"ty":"fl","bm":0,"cl":"","ln":"","hd":false,"mn":"ADBE Vector Graphic - Fill","nm":"Fill 1","c":{"a":0,"k":[0.5294,0.0941,0.2667,1],"ix":4},"r":1,"o":{"a":0,"k":100,"ix":5},"_render":true},{"ty":"tr","a":{"a":0,"k":[0,0],"ix":1},"s":{"a":0,"k":[100,100],"ix":3},"sk":{"a":0,"k":0,"ix":4},"p":{"a":0,"k":[287.803,225.702],"ix":2},"r":{"a":0,"k":0,"ix":6},"sa":{"a":0,"k":0,"ix":5},"o":{"a":0,"k":100,"ix":7},"_render":true}],"_render":true},{"ty":"tr","a":{"a":0,"k":[287.803,225.702],"ix":1},"s":{"a":0,"k":[100,100],"ix":3},"sk":{"a":0,"k":0,"ix":4},"p":{"a":0,"k":[287.803,225.702],"ix":2},"r":{"a":0,"k":0,"ix":6},"sa":{"a":0,"k":0,"ix":5},"o":{"a":0,"k":100,"ix":7},"_render":true}],"_render":true}],"ind":2,"parent":1,"completed":true},{"ty":4,"nm":"magnification glass","mn":"","sr":1,"st":0,"op":121,"ip":0,"hd":false,"cl":"","ln":"","ddd":0,"bm":0,"hasMask":false,"ao":0,"ks":{"a":{"a":0,"k":[0,0,0],"ix":1},"s":{"a":0,"k":[100,100,100],"ix":6},"sk":{"a":0,"k":0},"p":{"a":0,"k":[27,24,0],"ix":2},"r":{"a":0,"k":0,"ix":10},"sa":{"a":0,"k":0},"o":{"a":0,"k":100,"ix":11}},"ef":[],"shapes":[{"ty":"gr","bm":0,"cl":"","ln":"","hd":false,"mn":"ADBE Vector Group","nm":"Group 1","ix":1,"cix":2,"np":3,"it":[{"ty":"sh","bm":0,"cl":"","ln":"","hd":false,"mn":"ADBE Vector Shape - Group","nm":"Path 1","ix":1,"d":1,"ks":{"a":0,"k":{"c":true,"i":[[54.119,19.52],[38.288999999999994,37.19],[-1.6110000000000007,65.25],[-116.251,25.1],[-76.101,-113.75],[62.749,-73.6]],"o":[[39.129,36.29],[21.148999999999997,54.83],[-76.101,65.25],[-116.251,-73.6],[22.599,-113.75],[62.749,-1.370000000000001]],"v":[[39.949,35.36],[37.419,38.08],[-26.751,65.25],[-116.251,-24.25],[-26.751,-113.75],[62.749,-24.25]]},"ix":2},"_render":true},{"ty":"sh","bm":0,"cl":"","ln":"","hd":false,"mn":"ADBE Vector Shape - Group","nm":"Path 2","ix":2,"d":1,"ks":{"a":0,"k":{"c":true,"i":[[60.639,43.3],[83.749,1.1600000000000001],[34.179,-134.75],[-137.251,-85.18],[-87.681,86.25],[26.788999999999998,75.81]],"o":[[75.119,24.609999999999996],[83.749,-85.18],[-87.681,-134.75],[-137.251,36.68],[1.2089999999999996,86.25],[46.269,58.61]],"v":[[60.639,43.3],[83.749,-24.25],[-26.751,-134.75],[-137.251,-24.25],[-26.751,86.25],[46.269,58.61]]},"ix":2},"_render":true},{"ty":"fl","bm":0,"cl":"","ln":"","hd":false,"mn":"ADBE Vector Graphic - Fill","nm":"Fill 1","c":{"a":0,"k":[0.5294,0.0941,0.2667,1],"ix":4},"r":1,"o":{"a":0,"k":100,"ix":5},"_render":true},{"ty":"tr","a":{"a":0,"k":[0,0],"ix":1},"s":{"a":0,"k":[100,100],"ix":3},"sk":{"a":0,"k":0,"ix":4},"p":{"a":0,"k":[0,0],"ix":2},"r":{"a":0,"k":0,"ix":6},"sa":{"a":0,"k":0,"ix":5},"o":{"a":0,"k":100,"ix":7},"_render":true}],"_render":true}],"ind":3,"parent":1,"completed":true}],"ddd":0,"h":500,"w":500,"meta":{"a":"","k":"","d":"","g":"LottieFiles AE 3.2.2","tc":"#000000"},"v":"4.8.0","fr":60,"op":121,"ip":0,"assets":[],"__complete":true}