{"assets/anim/anim_1.json":["assets/anim/anim_1.json"],"assets/anim/anim_10.json":["assets/anim/anim_10.json"],"assets/anim/anim_11.json":["assets/anim/anim_11.json"],"assets/anim/anim_2.json":["assets/anim/anim_2.json"],"assets/anim/anim_3.json":["assets/anim/anim_3.json"],"assets/anim/anim_4.json":["assets/anim/anim_4.json"],"assets/anim/anim_5.json":["assets/anim/anim_5.json"],"assets/anim/anim_6.json":["assets/anim/anim_6.json"],"assets/anim/anim_7.json":["assets/anim/anim_7.json"],"assets/anim/anim_8.json":["assets/anim/anim_8.json"],"assets/anim/anim_9.json":["assets/anim/anim_9.json"],"assets/icon/appliances.png":["assets/icon/appliances.png"],"assets/icon/clothes.png":["assets/icon/clothes.png"],"assets/icon/furniture.png":["assets/icon/furniture.png"],"assets/icon/home_.png":["assets/icon/home_.png"],"assets/icon/home_stay.png":["assets/icon/home_stay.png"],"assets/icon/hotels.png":["assets/icon/hotels.png"],"assets/icon/property.png":["assets/icon/property.png"],"assets/icon/tools.png":["assets/icon/tools.png"],"assets/icon/vehicle.png":["assets/icon/vehicle.png"],"assets/icon/yacht_and_helicopters.png":["assets/icon/yacht_and_helicopters.png"],"assets/logo.png":["assets/logo.png"],"assets/page1.gif":["assets/page1.gif"],"assets/sofacumbed.png":["assets/sofacumbed.png"],"packages/cupertino_icons/assets/CupertinoIcons.ttf":["packages/cupertino_icons/assets/CupertinoIcons.ttf"],"packages/fluttertoast/assets/toastify.css":["packages/fluttertoast/assets/toastify.css"],"packages/fluttertoast/assets/toastify.js":["packages/fluttertoast/assets/toastify.js"],"packages/font_awesome_flutter/lib/fonts/fa-brands-400.ttf":["packages/font_awesome_flutter/lib/fonts/fa-brands-400.ttf"],"packages/font_awesome_flutter/lib/fonts/fa-regular-400.ttf":["packages/font_awesome_flutter/lib/fonts/fa-regular-400.ttf"],"packages/font_awesome_flutter/lib/fonts/fa-solid-900.ttf":["packages/font_awesome_flutter/lib/fonts/fa-solid-900.ttf"],"packages/line_icons/lib/assets/fonts/LineIcons.ttf":["packages/line_icons/lib/assets/fonts/LineIcons.ttf"]}